suburb,year,type,median,total
GlenHuntly,2016,All,638250,16175500
GlenHuntly,2016,Houses,1160000,6655000
GlenHuntly,2016,Units,600000,8249000
GlenHuntly,2016,Others,635750,1271500
GlenHuntly,2017,All,542500,14398000
GlenHuntly,2017,Houses,1711000,1711000
GlenHuntly,2017,Units,525000,8637000
GlenHuntly,2017,Others,815000,4050000
GlenHuntly,2018,All,740000,4486000
GlenHuntly,2018,Houses,1900000,1900000
GlenHuntly,2018,Units,455500,911000
GlenHuntly,2018,Others,837500,1675000
SouthMelbourne,2016,All,1200000,64601000
SouthMelbourne,2016,Houses,1595000,45984500
SouthMelbourne,2016,Units,606000,15981500
SouthMelbourne,2016,Others,1317500,2635000
SouthMelbourne,2017,All,1165500,106810000
SouthMelbourne,2017,Houses,1312500,80137000
SouthMelbourne,2017,Units,680000,19826000
SouthMelbourne,2017,Others,1380000,6847000
SouthMelbourne,2018,All,1545000,29683000
SouthMelbourne,2018,Houses,1795000,25072000
SouthMelbourne,2018,Units,790000,3561000
SouthMelbourne,2018,Others,1050000,1050000
MeadowHeights,2017,All,473000,17509500
MeadowHeights,2017,Houses,511000,13207500
MeadowHeights,2017,Units,412500,3186500
MeadowHeights,2017,Others,360000,1115500
MeadowHeights,2018,All,490000,7664000
MeadowHeights,2018,Houses,510500,6794000
MeadowHeights,2018,Units,435000,870000
Tecoma,2017,All,855000,855000
Tecoma,2017,Houses,855000,855000
Sandhurst,2017,All,655000,1310000
Sandhurst,2017,Houses,655000,1310000
Sandhurst,2018,All,640000,640000
Sandhurst,2018,Houses,640000,640000
Kooyong,2016,All,1706000,4811000
Kooyong,2016,Houses,1552500,3105000
Kooyong,2016,Others,1706000,1706000
Kooyong,2017,All,820000,4570000
Kooyong,2017,Houses,3080000,3080000
Kooyong,2017,Units,745000,1490000
Kooyong,2018,All,2105000,4210000
Kooyong,2018,Houses,2900000,2900000
Kooyong,2018,Units,1310000,1310000
Broadmeadows,2017,All,568000,34330000
Broadmeadows,2017,Houses,584000,28767500
Broadmeadows,2017,Units,400000,2882500
Broadmeadows,2017,Others,448000,2680000
Broadmeadows,2018,All,562500,10042000
Broadmeadows,2018,Houses,595000,8712000
Broadmeadows,2018,Units,420000,420000
Broadmeadows,2018,Others,455000,910000
Sandringham,2017,All,1650000,95662500
Sandringham,2017,Houses,1750000,73755000
Sandringham,2017,Units,755000,9241000
Sandringham,2017,Others,1191500,12666500
Sandringham,2018,All,1600000,18187500
Sandringham,2018,Houses,1772500,13430000
Sandringham,2018,Units,720000,2290000
Sandringham,2018,Others,1233750,2467500
Parkville,2016,All,1300000,34081600
Parkville,2016,Houses,1761250,23319500
Parkville,2016,Units,734600,10762100
Parkville,2017,All,900000,35189000
Parkville,2017,Houses,2675000,24301000
Parkville,2017,Units,588000,9238000
Parkville,2017,Others,825000,1650000
Parkville,2018,All,1660000,1660000
Parkville,2018,Units,1660000,1660000
Strathmore,2016,All,1105000,72466000
Strathmore,2016,Houses,1187500,66976000
Strathmore,2016,Units,625000,1785000
Strathmore,2016,Others,795000,3705000
Strathmore,2017,All,1200000,83618500
Strathmore,2017,Houses,1280000,73467000
Strathmore,2017,Units,750000,5191500
Strathmore,2017,Others,995000,4960000
Strathmore,2018,All,1300000,25950000
Strathmore,2018,Houses,1520000,19741000
Strathmore,2018,Units,895000,2645000
Strathmore,2018,Others,898500,3564000
Burwood,2016,All,1155500,78271900
Burwood,2016,Houses,1342000,61009300
Burwood,2016,Units,614500,6803500
Burwood,2016,Others,900000,10459100
Burwood,2017,All,1322500,92555266
Burwood,2017,Houses,1468000,70950266
Burwood,2017,Units,693000,7515000
Burwood,2017,Others,965500,14090000
Burwood,2018,All,1315000,22389000
Burwood,2018,Houses,1435500,17417500
Burwood,2018,Units,629000,1258000
Burwood,2018,Others,892500,3713500
Hawthorn,2016,All,672500,129533500
Hawthorn,2016,Houses,1956000,82796500
Hawthorn,2016,Units,518500,44282000
Hawthorn,2016,Others,1227500,2455000
Hawthorn,2017,All,840000,204124500
Hawthorn,2017,Houses,1905000,144075500
Hawthorn,2017,Units,590500,53563000
Hawthorn,2017,Others,1250000,6486000
Hawthorn,2018,All,770000,50145000
Hawthorn,2018,Houses,1681000,33345500
Hawthorn,2018,Units,630000,14209500
Hawthorn,2018,Others,1295000,2590000
StKilda,2016,All,567500,107531000
StKilda,2016,Houses,1432500,48572000
StKilda,2016,Units,506250,56264000
StKilda,2016,Others,1347500,2695000
StKilda,2017,All,636000,126500800
StKilda,2017,Houses,1450000,61006000
StKilda,2017,Units,533000,63587800
StKilda,2017,Others,953500,1907000
StKilda,2018,All,560000,21101250
StKilda,2018,Houses,1310000,9362000
StKilda,2018,Units,540000,11739250
HamptonEast,2016,All,1167500,32670500
HamptonEast,2016,Houses,1200000,15275000
HamptonEast,2016,Units,725000,3438000
HamptonEast,2016,Others,1192500,13957500
HamptonEast,2017,All,1132500,56639500
HamptonEast,2017,Houses,1330500,31535000
HamptonEast,2017,Units,518750,8925500
HamptonEast,2017,Others,1092500,16179000
HamptonEast,2018,All,1180000,6058000
HamptonEast,2018,Houses,1330000,3870000
HamptonEast,2018,Others,1094000,2188000
Ormond,2016,All,1197000,67099000
Ormond,2016,Houses,1525000,48664000
Ormond,2016,Units,462500,12445000
Ormond,2016,Others,1200000,5990000
Ormond,2017,All,1076250,61561000
Ormond,2017,Houses,1525000,41641500
Ormond,2017,Units,440000,11602000
Ormond,2017,Others,1092500,8317500
Ormond,2018,All,936000,12929000
Ormond,2018,Houses,1650000,8666000
Ormond,2018,Units,662500,2415000
Ormond,2018,Others,924000,1848000
NorthMelbourne,2016,All,630000,38739689
NorthMelbourne,2016,Houses,1266000,16906000
NorthMelbourne,2016,Units,540000,16008689
NorthMelbourne,2016,Others,944000,5825000
NorthMelbourne,2017,All,794500,55590000
NorthMelbourne,2017,Houses,1372500,28719000
NorthMelbourne,2017,Units,565000,16949000
NorthMelbourne,2017,Others,888500,9922000
NorthMelbourne,2018,All,845000,11268500
NorthMelbourne,2018,Houses,1285000,3955000
NorthMelbourne,2018,Units,620000,5623500
NorthMelbourne,2018,Others,845000,1690000
CoburgNorth,2016,All,780000,35718000
CoburgNorth,2016,Houses,792000,32631500
CoburgNorth,2016,Others,522750,3086500
CoburgNorth,2017,All,800500,48748500
CoburgNorth,2017,Houses,830000,40779500
CoburgNorth,2017,Units,526250,2034500
CoburgNorth,2017,Others,650000,5934500
CoburgNorth,2018,All,850000,13601000
CoburgNorth,2018,Houses,867500,12751000
CoburgNorth,2018,Others,850000,850000
Gardenvale,2016,All,517500,3628000
Gardenvale,2016,Houses,2200000,2200000
Gardenvale,2016,Units,440000,1428000
Gardenvale,2017,All,692000,6589000
Gardenvale,2017,Houses,1850000,4980000
Gardenvale,2017,Units,318500,1609000
Gardenvale,2018,All,883000,883000
Gardenvale,2018,Houses,883000,883000
BrightonEast,2016,All,1550000,183967500
BrightonEast,2016,Houses,1715000,151546500
BrightonEast,2016,Units,755000,9503000
BrightonEast,2016,Others,1265000,22918000
BrightonEast,2017,All,1650000,194366800
BrightonEast,2017,Houses,1775500,147854800
BrightonEast,2017,Units,817500,10038500
BrightonEast,2017,Others,1326250,36473500
BrightonEast,2018,All,1845000,60145000
BrightonEast,2018,Houses,1905000,51330000
BrightonEast,2018,Units,1000000,1000000
BrightonEast,2018,Others,1272500,7815000
Elwood,2016,All,684500,72360999
Elwood,2016,Houses,1726500,35421500
Elwood,2016,Units,599999,32334499
Elwood,2016,Others,1145000,4605000
Elwood,2017,All,725500,107467750
Elwood,2017,Houses,1810000,53010000
Elwood,2017,Units,645000,46977750
Elwood,2017,Others,1212500,7480000
Elwood,2018,All,723000,19548000
Elwood,2018,Houses,2450000,7410000
Elwood,2018,Units,637500,9760000
Elwood,2018,Others,1189000,2378000
Montmorency,2017,All,841000,37385100
Montmorency,2017,Houses,905000,29760600
Montmorency,2017,Units,620000,2996500
Montmorency,2017,Others,757500,4628000
Montmorency,2018,All,896000,12680000
Montmorency,2018,Houses,916500,11430000
Montmorency,2018,Units,625000,1250000
Westmeadows,2017,All,613000,22271250
Westmeadows,2017,Houses,618000,19256250
Westmeadows,2017,Units,427500,855000
Westmeadows,2017,Others,525000,2160000
Westmeadows,2018,All,635000,4100000
Westmeadows,2018,Houses,595000,3411000
Westmeadows,2018,Units,689000,689000
Hallam,2017,All,645000,6423500
Hallam,2017,Houses,645000,6423500
TaylorsHill,2017,All,680000,16804000
TaylorsHill,2017,Houses,680000,16804000
TaylorsHill,2018,All,720000,5316000
TaylorsHill,2018,Houses,720000,5316000
Wollert,2017,All,572500,20500300
Wollert,2017,Houses,592000,18420300
Wollert,2017,Units,390000,390000
Wollert,2017,Others,410500,1690000
Wollert,2018,All,617500,10186600
Wollert,2018,Houses,617500,10186600
KeilorPark,2016,All,587500,8471000
KeilorPark,2016,Houses,650000,5789000
KeilorPark,2016,Units,478000,956000
KeilorPark,2016,Others,600000,1726000
KeilorPark,2017,All,752000,13973000
KeilorPark,2017,Houses,752250,13357000
KeilorPark,2017,Units,616000,616000
KeilorPark,2018,All,592500,1185000
KeilorPark,2018,Houses,592500,1185000
Delahey,2017,All,563000,8413500
Delahey,2017,Houses,563000,8413500
Delahey,2018,All,607500,2450000
Delahey,2018,Houses,607500,2450000
Beaconsfield,2017,All,603500,1207000
Beaconsfield,2017,Houses,670000,670000
Beaconsfield,2017,Units,537000,537000
CroydonHills,2017,All,940750,8538250
CroydonHills,2017,Houses,940750,8538250
CroydonHills,2018,All,990000,4041000
CroydonHills,2018,Houses,990000,4041000
MalvernEast,2016,All,1350000,132563500
MalvernEast,2016,Houses,1670000,109767000
MalvernEast,2016,Units,526500,12781500
MalvernEast,2016,Others,977500,10015000
MalvernEast,2017,All,1628750,178304157
MalvernEast,2017,Houses,1790000,153107657
MalvernEast,2017,Units,735000,15396500
MalvernEast,2017,Others,1240000,9800000
MalvernEast,2018,All,1637500,50076000
MalvernEast,2018,Houses,2100000,45247000
MalvernEast,2018,Units,442500,1687000
MalvernEast,2018,Others,1042000,3142000
MillPark,2017,All,665000,73608638
MillPark,2017,Houses,669500,69362888
MillPark,2017,Units,455000,2224000
MillPark,2017,Others,490000,2021750
MillPark,2018,All,690500,29742000
MillPark,2018,Houses,700500,26847500
MillPark,2018,Units,495000,1935500
MillPark,2018,Others,479500,959000
AspendaleGardens,2017,All,880000,10025500
AspendaleGardens,2017,Houses,880000,10025500
AspendaleGardens,2018,All,1000000,4686750
AspendaleGardens,2018,Houses,1000000,4686750
Fitzroy,2016,All,973750,41477500
Fitzroy,2016,Houses,1440000,30050500
Fitzroy,2016,Units,676000,8317000
Fitzroy,2016,Others,880000,3110000
Fitzroy,2017,All,1235000,81262500
Fitzroy,2017,Houses,1535000,55084000
Fitzroy,2017,Units,700000,19637500
Fitzroy,2017,Others,1105500,6541000
Fitzroy,2018,All,997500,12388000
Fitzroy,2018,Houses,1595000,8145000
Fitzroy,2018,Units,811500,3490000
Fitzroy,2018,Others,753000,753000
MeltonWest,2017,All,425000,10102500
MeltonWest,2017,Houses,425000,10102500
MeltonWest,2018,All,445500,2748000
MeltonWest,2018,Houses,445500,2748000
SunshineNorth,2016,All,620500,36999100
SunshineNorth,2016,Houses,628400,34892100
SunshineNorth,2016,Units,422000,1267000
SunshineNorth,2016,Others,420000,840000
SunshineNorth,2017,All,640000,32756500
SunshineNorth,2017,Houses,672500,29377500
SunshineNorth,2017,Units,420750,2729000
SunshineNorth,2017,Others,650000,650000
SunshineNorth,2018,All,697000,10722500
SunshineNorth,2018,Houses,697000,10722500
Chadstone,2016,All,930000,33111000
Chadstone,2016,Houses,1002000,19584500
Chadstone,2016,Units,685000,2802500
Chadstone,2016,Others,873000,10724000
Chadstone,2017,All,992500,43466500
Chadstone,2017,Houses,1052500,26697000
Chadstone,2017,Units,794750,4758500
Chadstone,2017,Others,988250,12011000
Chadstone,2018,All,910000,5785000
Chadstone,2018,Houses,1120000,3380000
Chadstone,2018,Units,780000,780000
Chadstone,2018,Others,812500,1625000
BlackburnSouth,2017,All,1151000,22601500
BlackburnSouth,2017,Houses,1229000,20399000
BlackburnSouth,2017,Units,670000,1340000
BlackburnSouth,2017,Others,862500,862500
BlackburnSouth,2018,All,1050000,17752000
BlackburnSouth,2018,Houses,1070000,14952000
BlackburnSouth,2018,Units,825000,825000
BlackburnSouth,2018,Others,987500,1975000
Upwey,2017,All,575000,575000
Upwey,2017,Houses,575000,575000
Upwey,2018,All,1075000,1075000
Upwey,2018,Houses,1075000,1075000
KeilorLodge,2017,All,655000,2510000
KeilorLodge,2017,Houses,670000,1990000
KeilorLodge,2017,Units,520000,520000
KeilorLodge,2018,All,653000,653000
KeilorLodge,2018,Houses,653000,653000
PattersonLakes,2017,All,670000,2759000
PattersonLakes,2017,Houses,670000,2759000
PattersonLakes,2018,All,791000,1582000
PattersonLakes,2018,Houses,975000,975000
PattersonLakes,2018,Units,607000,607000
KeilorEast,2016,All,740000,60748200
KeilorEast,2016,Houses,762000,49102200
KeilorEast,2016,Units,531000,3293000
KeilorEast,2016,Others,707500,8353000
KeilorEast,2017,All,870000,95832600
KeilorEast,2017,Houses,900000,85849100
KeilorEast,2017,Units,545000,1090000
KeilorEast,2017,Others,761000,8893500
KeilorEast,2018,All,790000,20707500
KeilorEast,2018,Houses,950000,17596500
KeilorEast,2018,Units,572500,2331000
KeilorEast,2018,Others,780000,780000
Dandenong,2017,All,560000,21526000
Dandenong,2017,Houses,647500,16454500
Dandenong,2017,Units,400000,5071500
Dandenong,2018,All,611000,4016500
Dandenong,2018,Houses,763250,3496500
Dandenong,2018,Units,520000,520000
Melton,2017,All,405000,10144500
Melton,2017,Houses,405000,10144500
Melton,2018,All,413000,2893000
Melton,2018,Houses,413000,2893000
Elsternwick,2016,All,1085500,52480000
Elsternwick,2016,Houses,1450000,41354000
Elsternwick,2016,Units,626000,7634000
Elsternwick,2016,Others,835000,3492000
Elsternwick,2017,All,900000,60725750
Elsternwick,2017,Houses,1975000,40601000
Elsternwick,2017,Units,625250,16104750
Elsternwick,2017,Others,1200000,4020000
Elsternwick,2018,All,1300000,17663000
Elsternwick,2018,Houses,2100000,12968000
Elsternwick,2018,Units,652500,4695000
Albion,2016,All,600000,9311500
Albion,2016,Houses,657250,8009500
Albion,2016,Units,187500,983000
Albion,2016,Others,319000,319000
Albion,2017,All,653000,26893790
Albion,2017,Houses,730000,19494000
Albion,2017,Units,580000,4812000
Albion,2017,Others,360895,2587790
Albion,2018,All,627500,5008000
Albion,2018,Houses,765500,2998000
Albion,2018,Units,455000,910000
Albion,2018,Others,550000,1100000
Kew,2016,All,1546500,232362000
Kew,2016,Houses,2130000,202231500
Kew,2016,Units,661000,22124000
Kew,2016,Others,800000,8006500
Kew,2017,All,1528500,281876600
Kew,2017,Houses,2135000,232561000
Kew,2017,Units,685000,31581000
Kew,2017,Others,948500,17734600
Kew,2018,All,1710000,48121000
Kew,2018,Houses,2462500,40710000
Kew,2018,Units,586500,4761000
Kew,2018,Others,1325000,2650000
BentleighEast,2016,All,1040000,216545676
BentleighEast,2016,Houses,1100000,135192888
BentleighEast,2016,Units,733000,19213500
BentleighEast,2016,Others,1080000,62139288
BentleighEast,2017,All,1218000,287733500
BentleighEast,2017,Houses,1285000,189898500
BentleighEast,2017,Units,749000,19589000
BentleighEast,2017,Others,1200000,78246000
BentleighEast,2018,All,1200000,53510000
BentleighEast,2018,Houses,1200000,32950500
BentleighEast,2018,Units,663000,663000
BentleighEast,2018,Others,1200000,19896500
FitzroyNorth,2016,All,1192500,62927500
FitzroyNorth,2016,Houses,1284500,52546500
FitzroyNorth,2016,Units,602000,3927000
FitzroyNorth,2016,Others,1034500,6454000
FitzroyNorth,2017,All,1345000,106221750
FitzroyNorth,2017,Houses,1496000,89746500
FitzroyNorth,2017,Units,647000,12407250
FitzroyNorth,2017,Others,809000,4068000
FitzroyNorth,2018,All,1325000,22869000
FitzroyNorth,2018,Houses,1396250,18104000
FitzroyNorth,2018,Units,652500,1305000
FitzroyNorth,2018,Others,1150000,3460000
BeaconsfieldUpper,2017,All,719500,1439000
BeaconsfieldUpper,2017,Houses,719500,1439000
HoppersCrossing,2017,All,550000,65346450
HoppersCrossing,2017,Houses,553100,63406950
HoppersCrossing,2017,Units,405000,1939500
HoppersCrossing,2018,All,571000,20037500
HoppersCrossing,2018,Houses,571000,20037500
BotanicRidge,2017,All,750000,750000
BotanicRidge,2017,Houses,750000,750000
AscotVale,2016,All,952500,86285500
AscotVale,2016,Houses,997500,74207000
AscotVale,2016,Units,487500,7993500
AscotVale,2016,Others,840000,4085000
AscotVale,2017,All,1100000,124657500
AscotVale,2017,Houses,1230000,102519000
AscotVale,2017,Units,502500,7653000
AscotVale,2017,Others,850000,14485500
AscotVale,2018,All,966500,22082000
AscotVale,2018,Houses,1315000,14885000
AscotVale,2018,Units,466000,1406000
AscotVale,2018,Others,838000,5791000
Reservoir,2016,All,624250,188022400
Reservoir,2016,Houses,725000,139375900
Reservoir,2016,Units,420000,29694500
Reservoir,2016,Others,535500,18952000
Reservoir,2017,All,731000,259392553
Reservoir,2017,Houses,819000,196432700
Reservoir,2017,Units,495000,34061940
Reservoir,2017,Others,625000,28897913
Reservoir,2018,All,685000,55018001
Reservoir,2018,Houses,837000,35068000
Reservoir,2018,Units,520250,10884001
Reservoir,2018,Others,610000,9066000
Bundoora,2017,All,770000,85563888
Bundoora,2017,Houses,800888,73655388
Bundoora,2017,Units,535500,4052000
Bundoora,2017,Others,606000,7856500
Bundoora,2018,All,715000,19812850
Bundoora,2018,Houses,760000,17803850
Bundoora,2018,Units,488000,976000
Bundoora,2018,Others,516500,1033000
WestMelbourne,2016,All,800000,15887000
WestMelbourne,2016,Houses,2100000,5730000
WestMelbourne,2016,Units,610500,6162000
WestMelbourne,2016,Others,1032500,3995000
WestMelbourne,2017,All,1086500,36678500
WestMelbourne,2017,Houses,1654000,21303000
WestMelbourne,2017,Units,670000,8370500
WestMelbourne,2017,Others,1145500,7005000
WestMelbourne,2018,All,1175000,2350000
WestMelbourne,2018,Houses,1200000,1200000
WestMelbourne,2018,Others,1150000,1150000
Mordialloc,2017,All,870000,46710000
Mordialloc,2017,Houses,1255000,29074000
Mordialloc,2017,Units,582500,8030000
Mordialloc,2017,Others,860000,9606000
Mordialloc,2018,All,962500,7946000
Mordialloc,2018,Houses,1177500,4721000
Mordialloc,2018,Units,570000,570000
Mordialloc,2018,Others,930000,2655000
Camberwell,2016,All,1670000,164216900
Camberwell,2016,Houses,2125000,140661500
Camberwell,2016,Units,641000,14700000
Camberwell,2016,Others,1300000,8855400
Camberwell,2017,All,1865000,286906300
Camberwell,2017,Houses,2200000,245243500
Camberwell,2017,Units,753750,25106800
Camberwell,2017,Others,1300000,16556000
Camberwell,2018,All,1855000,69994000
Camberwell,2018,Houses,2000000,54415000
Camberwell,2018,Units,1002500,6704000
Camberwell,2018,Others,1725000,8875000
WheelersHill,2017,All,1170500,63833083
WheelersHill,2017,Houses,1171000,62673083
WheelersHill,2017,Others,1160000,1160000
WheelersHill,2018,All,1200000,17123000
WheelersHill,2018,Houses,1200000,17123000
NorthWarrandyte,2017,All,902000,5420000
NorthWarrandyte,2017,Houses,902000,5420000
Sydenham,2017,All,610000,9391500
Sydenham,2017,Houses,642000,8016500
Sydenham,2017,Units,480000,480000
Sydenham,2017,Others,447500,895000
Sydenham,2018,All,563000,5586500
Sydenham,2018,Houses,655000,3789000
Sydenham,2018,Units,438750,1797500
Bulla,2017,All,665000,665000
Bulla,2017,Houses,665000,665000
WatsoniaNorth,2017,All,765000,13766000
WatsoniaNorth,2017,Houses,765000,13766000
WatsoniaNorth,2018,All,760000,5477000
WatsoniaNorth,2018,Houses,760000,5477000
Mernda,2017,All,602500,31642000
Mernda,2017,Houses,602500,31642000
Mernda,2018,All,599000,19561558
Mernda,2018,Houses,600000,19079058
Mernda,2018,Others,482500,482500
Moorabbin,2016,All,942250,50145750
Moorabbin,2016,Houses,984000,36747750
Moorabbin,2016,Units,622000,6421000
Moorabbin,2016,Others,855000,6977000
Moorabbin,2017,All,1115500,46535500
Moorabbin,2017,Houses,1191000,32051000
Moorabbin,2017,Units,622500,1245000
Moorabbin,2017,Others,1005000,13239500
Moorabbin,2018,All,982500,13138500
Moorabbin,2018,Houses,1155000,7027000
Moorabbin,2018,Units,607000,3204000
Moorabbin,2018,Others,915000,2907500
RoxburghPark,2017,All,543500,30728700
RoxburghPark,2017,Houses,550000,30355200
RoxburghPark,2017,Others,373500,373500
RoxburghPark,2018,All,588750,9853500
RoxburghPark,2018,Houses,600000,9003500
RoxburghPark,2018,Others,425000,850000
Dallas,2017,All,478944,12967888
Dallas,2017,Houses,477000,12407388
Dallas,2017,Others,560500,560500
Dallas,2018,All,517500,4094000
Dallas,2018,Houses,517500,4094000
Deepdene,2017,All,1715000,6390000
Deepdene,2017,Houses,1480000,2960000
Deepdene,2017,Others,1715000,3430000
Deepdene,2018,All,3080000,7622500
Deepdene,2018,Houses,3380000,6760000
Deepdene,2018,Units,862500,862500
Craigieburn,2017,All,555500,79397300
Craigieburn,2017,Houses,561500,76333300
Craigieburn,2017,Units,393000,786000
Craigieburn,2017,Others,369000,2278000
Craigieburn,2018,All,583000,40065300
Craigieburn,2018,Houses,584000,38790300
Craigieburn,2018,Others,430000,1275000
VermontSouth,2017,All,1250000,33280000
VermontSouth,2017,Houses,1280000,31599000
VermontSouth,2017,Units,750000,750000
VermontSouth,2017,Others,931000,931000
VermontSouth,2018,All,1170000,5717000
VermontSouth,2018,Houses,1170000,5717000
Waterways,2017,All,1248500,4414000
Waterways,2017,Houses,1248500,4414000
Mickleham,2017,All,543000,3706000
Mickleham,2017,Houses,543000,3706000
Mickleham,2018,All,1120000,2240000
Mickleham,2018,Houses,1120000,2240000
Williamstown,2016,All,1200000,73407000
Williamstown,2016,Houses,1317500,64198500
Williamstown,2016,Units,450000,4323500
Williamstown,2016,Others,830000,4885000
Williamstown,2017,All,1290000,126078000
Williamstown,2017,Houses,1426000,116327500
Williamstown,2017,Units,490000,5878000
Williamstown,2017,Others,1010000,3872500
Williamstown,2018,All,1202500,35654000
Williamstown,2018,Houses,1295000,32639000
Williamstown,2018,Units,497500,2015000
Williamstown,2018,Others,1000000,1000000
Wallan,2017,All,426000,1702000
Wallan,2017,Houses,426000,1702000
Wallan,2018,All,565000,4055000
Wallan,2018,Houses,565000,4055000
Aspendale,2017,All,1125000,25790000
Aspendale,2017,Houses,1125000,22697000
Aspendale,2017,Units,437000,437000
Aspendale,2017,Others,805000,2656000
Aspendale,2018,All,960000,4825000
Aspendale,2018,Houses,950000,3730000
Aspendale,2018,Others,1095000,1095000
Hadfield,2016,All,632750,29356574
Hadfield,2016,Houses,648000,25120574
Hadfield,2016,Units,476000,1938000
Hadfield,2016,Others,540000,2298000
Hadfield,2017,All,755000,25745388
Hadfield,2017,Houses,794000,22138388
Hadfield,2017,Units,500000,500000
Hadfield,2017,Others,627000,3107000
Hadfield,2018,All,779750,6546500
Hadfield,2018,Houses,779750,6546500
Balaclava,2016,All,501250,10947000
Balaclava,2016,Houses,1193000,4092000
Balaclava,2016,Units,485750,5840000
Balaclava,2016,Others,1015000,1015000
Balaclava,2017,All,663750,24377000
Balaclava,2017,Houses,1577500,11979000
Balaclava,2017,Units,540000,9058000
Balaclava,2017,Others,1100000,3340000
Balaclava,2018,All,857000,7339500
Balaclava,2018,Houses,1313750,5239500
Balaclava,2018,Units,549500,2100000
Rowville,2017,All,902500,22693800
Rowville,2017,Houses,902500,22693800
Rowville,2018,All,930000,7851000
Rowville,2018,Houses,930000,7851000
Wildwood,2017,All,1030000,1030000
Wildwood,2017,Houses,1030000,1030000
Greenvale,2017,All,732500,38271000
Greenvale,2017,Houses,745500,36376500
Greenvale,2017,Units,472000,472000
Greenvale,2017,Others,470000,1422500
Greenvale,2018,All,690000,18271000
Greenvale,2018,Houses,700000,17260000
Greenvale,2018,Units,495000,495000
Greenvale,2018,Others,516000,516000
AvondaleHeights,2016,All,756000,49065000
AvondaleHeights,2016,Houses,782500,43868000
AvondaleHeights,2016,Units,555000,2186000
AvondaleHeights,2016,Others,790500,3011000
AvondaleHeights,2017,All,850000,66368000
AvondaleHeights,2017,Houses,860000,60614000
AvondaleHeights,2017,Units,622000,4199000
AvondaleHeights,2017,Others,777500,1555000
AvondaleHeights,2018,All,792750,10287000
AvondaleHeights,2018,Houses,810000,9587000
AvondaleHeights,2018,Others,700000,700000
Frankston,2017,All,632000,44046638
Frankston,2017,Houses,650000,39431388
Frankston,2017,Units,400000,4615250
Frankston,2018,All,654000,16616777
Frankston,2018,Houses,679250,14952777
Frankston,2018,Units,490000,490000
Frankston,2018,Others,587000,1174000
CarrumDowns,2017,All,552500,10409000
CarrumDowns,2017,Houses,556250,9989000
CarrumDowns,2017,Units,420000,420000
CarrumDowns,2018,All,556250,2253500
CarrumDowns,2018,Houses,556250,2253500
EastMelbourne,2016,All,1015000,23467000
EastMelbourne,2016,Houses,1560000,12530000
EastMelbourne,2016,Units,757500,10937000
EastMelbourne,2017,All,897500,25312500
EastMelbourne,2017,Houses,3562500,13550000
EastMelbourne,2017,Units,810000,10412500
EastMelbourne,2017,Others,1350000,1350000
EastMelbourne,2018,All,700000,700000
EastMelbourne,2018,Units,700000,700000
PascoeVale,2016,All,673750,78131500
PascoeVale,2016,Houses,777500,56556000
PascoeVale,2016,Units,495000,7250000
PascoeVale,2016,Others,560000,14325500
PascoeVale,2017,All,770000,132006450
PascoeVale,2017,Houses,876000,86270000
PascoeVale,2017,Units,541000,17545500
PascoeVale,2017,Others,680500,28190950
PascoeVale,2018,All,805000,24166000
PascoeVale,2018,Houses,861500,14708000
PascoeVale,2018,Units,622500,1245000
PascoeVale,2018,Others,720000,8213000
CranbourneWest,2017,All,640000,1280000
CranbourneWest,2017,Houses,640000,1280000
CranbourneWest,2018,All,523625,1047250
CranbourneWest,2018,Houses,523625,1047250
HamptonPark,2017,All,622000,2888000
HamptonPark,2017,Houses,622000,2888000
Yarraville,2016,All,865000,81491644
Yarraville,2016,Houses,904250,72214000
Yarraville,2016,Units,490922,4980144
Yarraville,2016,Others,677500,4297500
Yarraville,2017,All,983750,137763600
Yarraville,2017,Houses,1035000,118847500
Yarraville,2017,Units,498800,6025100
Yarraville,2017,Others,796000,12891000
Yarraville,2018,All,954500,28555999
Yarraville,2018,Houses,1020000,25951000
Yarraville,2018,Units,482499,1899999
Yarraville,2018,Others,705000,705000
Lynbrook,2017,All,613750,1227500
Lynbrook,2017,Houses,613750,1227500
MacLeod,2017,All,775000,39168000
MacLeod,2017,Houses,836000,29328500
MacLeod,2017,Units,650000,6838000
MacLeod,2017,Others,687500,3001500
MacLeod,2018,All,800000,14021500
MacLeod,2018,Houses,835000,7618000
MacLeod,2018,Units,683500,4013500
MacLeod,2018,Others,800000,2390000
ClydeNorth,2017,All,662000,1324000
ClydeNorth,2017,Houses,662000,1324000
ClydeNorth,2018,All,575000,575000
ClydeNorth,2018,Houses,575000,575000
NottingHill,2017,All,1075000,9186500
NottingHill,2017,Houses,1155000,6851000
NottingHill,2017,Units,840000,840000
NottingHill,2017,Others,747750,1495500
CaulfieldSouth,2016,All,1197500,39443000
CaulfieldSouth,2016,Houses,1322000,29943000
CaulfieldSouth,2016,Units,599000,5285000
CaulfieldSouth,2016,Others,1410000,4215000
CaulfieldSouth,2017,All,1218500,49718000
CaulfieldSouth,2017,Houses,1500000,39396000
CaulfieldSouth,2017,Units,620000,6721000
CaulfieldSouth,2017,Others,1237000,3601000
CaulfieldSouth,2018,All,1510000,15277000
CaulfieldSouth,2018,Houses,1490000,13602000
CaulfieldSouth,2018,Others,1675000,1675000
Carnegie,2016,All,820000,87610350
Carnegie,2016,Houses,1400000,49650100
Carnegie,2016,Units,545000,27978250
Carnegie,2016,Others,860000,9982000
Carnegie,2017,All,803000,109487810
Carnegie,2017,Houses,1452500,55451000
Carnegie,2017,Units,541000,38361310
Carnegie,2017,Others,900000,15675500
Carnegie,2018,All,885000,12461000
Carnegie,2018,Houses,1222000,6247000
Carnegie,2018,Units,601000,5291000
Carnegie,2018,Others,923000,923000
Southbank,2016,All,623000,17906000
Southbank,2016,Houses,815000,2735000
Southbank,2016,Units,611250,15171000
Southbank,2017,All,580000,13419500
Southbank,2017,Units,580000,13419500
Southbank,2018,All,722750,7406500
Southbank,2018,Units,722750,7406500
Montrose,2017,All,735000,735000
Montrose,2017,Houses,735000,735000
Malvern,2016,All,1611000,93098000
Malvern,2016,Houses,2325000,76626000
Malvern,2016,Units,655000,14582000
Malvern,2016,Others,945000,1890000
Malvern,2017,All,1995000,115243000
Malvern,2017,Houses,2655000,97105000
Malvern,2017,Units,572750,12478000
Malvern,2017,Others,1000000,5660000
Malvern,2018,All,2750000,37998000
Malvern,2018,Houses,3100000,32790000
Malvern,2018,Units,1335000,5208000
Melbourne,2016,All,570000,44990000
Melbourne,2016,Units,570000,44990000
Melbourne,2017,All,683000,59756000
Melbourne,2017,Houses,1630000,1630000
Melbourne,2017,Units,676500,58126000
Melbourne,2018,All,650000,10255500
Melbourne,2018,Units,650000,10255500
Sunbury,2017,All,518000,55980500
Sunbury,2017,Houses,520000,55620500
Sunbury,2017,Units,360000,360000
Sunbury,2018,All,532000,19597000
Sunbury,2018,Houses,537000,18701000
Sunbury,2018,Units,400000,400000
Sunbury,2018,Others,496000,496000
BlackRock,2017,All,1215000,31382500
BlackRock,2017,Houses,1900000,20151000
BlackRock,2017,Units,799000,7305500
BlackRock,2017,Others,1301000,3926000
BlackRock,2018,All,1572500,10015000
BlackRock,2018,Houses,2380000,7080000
BlackRock,2018,Units,1165000,1165000
BlackRock,2018,Others,885000,1770000
Bullengarook,2017,All,875000,3715000
Bullengarook,2017,Houses,875000,3715000
Bullengarook,2018,All,865000,865000
Bullengarook,2018,Houses,865000,865000
Niddrie,2016,All,840000,48929500
Niddrie,2016,Houses,1007000,29234500
Niddrie,2016,Units,700000,8884500
Niddrie,2016,Others,780000,10810500
Niddrie,2017,All,960000,66397500
Niddrie,2017,Houses,1193000,49935000
Niddrie,2017,Units,668250,8481500
Niddrie,2017,Others,925000,7981000
Niddrie,2018,All,1135000,11770000
Niddrie,2018,Houses,1275000,10585000
Niddrie,2018,Units,592500,1185000
Gisborne,2017,All,650000,9930000
Gisborne,2017,Houses,650000,9930000
Gisborne,2018,All,583000,5714500
Gisborne,2018,Houses,583000,5714500
Collingwood,2016,All,887500,31143000
Collingwood,2016,Houses,1015000,9601000
Collingwood,2016,Units,683000,17098000
Collingwood,2016,Others,897500,4444000
Collingwood,2017,All,931000,46283500
Collingwood,2017,Houses,1135000,22200000
Collingwood,2017,Units,561000,17199500
Collingwood,2017,Others,945000,6884000
Collingwood,2018,All,1079500,7565500
Collingwood,2018,Houses,1306000,4715500
Collingwood,2018,Units,630000,2850000
Balwyn,2016,All,1850000,190801500
Balwyn,2016,Houses,2130000,164224000
Balwyn,2016,Units,656250,13215500
Balwyn,2016,Others,1255000,13362000
Balwyn,2017,All,1755000,187798000
Balwyn,2017,Houses,2200000,152129000
Balwyn,2017,Units,790000,19599000
Balwyn,2017,Others,1400000,16070000
Balwyn,2018,All,2020000,45592000
Balwyn,2018,Houses,2400000,39736000
Balwyn,2018,Units,1330000,5156000
Balwyn,2018,Others,700000,700000
DeerPark,2017,All,610000,19593000
DeerPark,2017,Houses,620000,18621500
DeerPark,2017,Units,450000,450000
DeerPark,2017,Others,521500,521500
DeerPark,2018,All,580000,5570500
DeerPark,2018,Houses,580000,5570500
Travancore,2016,All,1178500,6477000
Travancore,2016,Houses,1409500,5659000
Travancore,2016,Units,409000,818000
Travancore,2017,All,608000,5612500
Travancore,2017,Houses,1862500,3725000
Travancore,2017,Units,341500,1031500
Travancore,2017,Others,856000,856000
Travancore,2018,All,1100000,3522000
Travancore,2018,Houses,1100000,3522000
Seabrook,2017,All,607500,3699000
Seabrook,2017,Houses,607500,3699000
Bulleen,2016,All,1105000,66031500
Bulleen,2016,Houses,1127000,57832000
Bulleen,2016,Units,850000,2513500
Bulleen,2016,Others,917500,5686000
Bulleen,2017,All,1230000,66287400
Bulleen,2017,Houses,1280000,55912000
Bulleen,2017,Units,743000,5195500
Bulleen,2017,Others,950000,5179900
Bulleen,2018,All,1198000,19869000
Bulleen,2018,Houses,1290000,15894000
Bulleen,2018,Units,855000,855000
Bulleen,2018,Others,1150000,3120000
Watsonia,2016,All,680500,22353500
Watsonia,2016,Houses,701500,20440000
Watsonia,2016,Units,537000,1428500
Watsonia,2016,Others,485000,485000
Watsonia,2017,All,830000,39702300
Watsonia,2017,Houses,855000,31800300
Watsonia,2017,Units,604000,5510000
Watsonia,2017,Others,847000,2392000
Watsonia,2018,All,740500,4451000
Watsonia,2018,Houses,741000,3801000
Watsonia,2018,Units,650000,650000
RingwoodNorth,2017,All,947500,20920000
RingwoodNorth,2017,Houses,957500,19488000
RingwoodNorth,2017,Units,602000,602000
RingwoodNorth,2017,Others,830000,830000
RingwoodNorth,2018,All,975000,5711888
RingwoodNorth,2018,Houses,980000,4911888
RingwoodNorth,2018,Others,800000,800000
AltonaNorth,2016,All,709000,46662500
AltonaNorth,2016,Houses,720000,39603500
AltonaNorth,2016,Units,640000,1652000
AltonaNorth,2016,Others,663000,5407000
AltonaNorth,2017,All,830000,58265500
AltonaNorth,2017,Houses,875000,45995000
AltonaNorth,2017,Units,635000,4274500
AltonaNorth,2017,Others,723000,7996000
AltonaNorth,2018,All,805000,8001000
AltonaNorth,2018,Houses,835000,6648000
AltonaNorth,2018,Others,676500,1353000
Templestowe,2017,All,1367500,84246388
Templestowe,2017,Houses,1450000,75479388
Templestowe,2017,Others,1082500,8767000
Templestowe,2018,All,1475000,22296666
Templestowe,2018,Houses,1475000,22296666
Ashwood,2016,All,1100000,37513800
Ashwood,2016,Houses,1232800,28044300
Ashwood,2016,Units,675000,3275000
Ashwood,2016,Others,880000,6194500
Ashwood,2017,All,1200000,60851750
Ashwood,2017,Houses,1330875,39856250
Ashwood,2017,Units,885000,6890000
Ashwood,2017,Others,1020000,14105500
Ashwood,2018,All,1350000,14257500
Ashwood,2018,Houses,1350000,12907500
Ashwood,2018,Others,1350000,1350000
Epping,2017,All,584500,65633450
Epping,2017,Houses,600000,60086700
Epping,2017,Units,419750,4260250
Epping,2017,Others,425000,1286500
Epping,2018,All,616000,22117800
Epping,2018,Houses,629250,19852300
Epping,2018,Units,356250,2265500
Greensborough,2017,All,817250,70327500
Greensborough,2017,Houses,855000,60168000
Greensborough,2017,Units,610000,7922000
Greensborough,2017,Others,705000,2237500
Greensborough,2018,All,809000,26130000
Greensborough,2018,Houses,827500,20573000
Greensborough,2018,Units,626000,3332000
Greensborough,2018,Others,670000,2225000
Cranbourne,2017,All,563500,6348008
Cranbourne,2017,Houses,563500,6348008
Cranbourne,2018,All,686000,686000
Cranbourne,2018,Houses,686000,686000
TheBasin,2017,All,580600,2338200
TheBasin,2017,Houses,580600,2338200
PointCook,2017,All,655000,41670250
PointCook,2017,Houses,655000,41670250
PointCook,2018,All,675000,21661840
PointCook,2018,Houses,693500,19241840
PointCook,2018,Units,485000,485000
PointCook,2018,Others,494500,1935000
CliftonHill,2016,All,1127500,38507000
CliftonHill,2016,Houses,1280000,30622000
CliftonHill,2016,Units,429000,2941500
CliftonHill,2016,Others,833000,4943500
CliftonHill,2017,All,1310000,88587500
CliftonHill,2017,Houses,1450000,76171500
CliftonHill,2017,Units,620000,7973000
CliftonHill,2017,Others,1102500,4443000
CliftonHill,2018,All,1025000,10811000
CliftonHill,2018,Houses,1300000,8984000
CliftonHill,2018,Units,463500,927000
CliftonHill,2018,Others,900000,900000
ChirnsidePark,2017,All,757500,4567982
ChirnsidePark,2017,Houses,757500,4567982
ChirnsidePark,2018,All,830000,2305000
ChirnsidePark,2018,Houses,830000,2305000
Essendon,2016,All,954000,134002500
Essendon,2016,Houses,1295000,96124500
Essendon,2016,Units,472500,23791000
Essendon,2016,Others,787000,14087000
Essendon,2017,All,1002000,206389000
Essendon,2017,Houses,1400000,153648000
Essendon,2017,Units,501500,33803000
Essendon,2017,Others,900000,18938000
Essendon,2018,All,1008750,51258500
Essendon,2018,Houses,1682500,38604000
Essendon,2018,Units,627000,10437000
Essendon,2018,Others,745000,2217500
WantirnaSouth,2017,All,1050000,38659000
WantirnaSouth,2017,Houses,1055000,36837000
WantirnaSouth,2017,Units,596000,1192000
WantirnaSouth,2017,Others,630000,630000
WantirnaSouth,2018,All,940000,11007001
WantirnaSouth,2018,Houses,1027500,8767001
WantirnaSouth,2018,Others,735000,2240000
Burnley,2016,All,1103750,4319510
Burnley,2016,Houses,1103750,4319510
Burnley,2017,All,1195000,6588500
Burnley,2017,Houses,1362500,5662500
Burnley,2017,Units,463000,926000
Burnley,2018,All,1576500,3153000
Burnley,2018,Houses,1576500,3153000
BlackburnNorth,2017,All,1215000,30569000
BlackburnNorth,2017,Houses,1250000,28283000
BlackburnNorth,2017,Units,648000,1296000
BlackburnNorth,2017,Others,990000,990000
BlackburnNorth,2018,All,1010000,12626000
BlackburnNorth,2018,Houses,1090000,9070000
BlackburnNorth,2018,Units,775000,775000
BlackburnNorth,2018,Others,900000,2781000
Seddon,2016,All,928750,35706000
Seddon,2016,Houses,965000,32033000
Seddon,2016,Units,450000,2198000
Seddon,2016,Others,737500,1475000
Seddon,2017,All,980000,47841500
Seddon,2017,Houses,1000000,44728000
Seddon,2017,Units,492500,2193500
Seddon,2017,Others,920000,920000
Seddon,2018,All,1020000,8489500
Seddon,2018,Houses,1043500,8054500
Seddon,2018,Units,435000,435000
Scoresby,2017,All,962000,8984800
Scoresby,2017,Houses,962000,8984800
Scoresby,2018,All,939500,3942000
Scoresby,2018,Houses,939500,3942000
HeidelbergWest,2016,All,628000,27267250
HeidelbergWest,2016,Houses,636000,25782250
HeidelbergWest,2016,Units,360000,360000
HeidelbergWest,2016,Others,562500,1125000
HeidelbergWest,2017,All,718500,40226600
HeidelbergWest,2017,Houses,731000,35764000
HeidelbergWest,2017,Units,470000,4462600
HeidelbergWest,2018,All,650000,2458000
HeidelbergWest,2018,Houses,668500,1337000
HeidelbergWest,2018,Units,471000,471000
HeidelbergWest,2018,Others,650000,650000
WilliamsLanding,2017,All,591000,3121000
WilliamsLanding,2017,Houses,591000,3121000
WilliamsLanding,2018,All,630000,1260000
WilliamsLanding,2018,Houses,785000,785000
WilliamsLanding,2018,Others,475000,475000
FernyCreek,2018,All,690000,690000
FernyCreek,2018,Houses,690000,690000
Thornbury,2016,All,887000,77256750
Thornbury,2016,Houses,1151500,57160500
Thornbury,2016,Units,436500,15535750
Thornbury,2016,Others,910000,4560500
Thornbury,2017,All,1000000,136069781
Thornbury,2017,Houses,1236000,98211888
Thornbury,2017,Units,490000,16005893
Thornbury,2017,Others,815000,21852000
Thornbury,2018,All,995000,41856000
Thornbury,2018,Houses,1191000,31673500
Thornbury,2018,Units,502500,2902000
Thornbury,2018,Others,925000,7280500
Yallambie,2016,All,721000,15691500
Yallambie,2016,Houses,721000,15691500
Yallambie,2017,All,857000,17535250
Yallambie,2017,Houses,886000,16700250
Yallambie,2017,Others,835000,835000
Yallambie,2018,All,745000,3712000
Yallambie,2018,Houses,820500,1641000
Yallambie,2018,Units,671000,671000
Yallambie,2018,Others,700000,1400000
BriarHill,2017,All,780000,15174500
BriarHill,2017,Houses,805500,11467500
BriarHill,2017,Units,637000,1962000
BriarHill,2017,Others,872500,1745000
BriarHill,2018,All,825000,825000
BriarHill,2018,Houses,825000,825000
Ashburton,2016,All,1550000,83919000
Ashburton,2016,Houses,1570000,73446000
Ashburton,2016,Others,1275000,10473000
Ashburton,2017,All,1715000,85212500
Ashburton,2017,Houses,1835000,73827000
Ashburton,2017,Units,690500,2115500
Ashburton,2017,Others,1230000,9270000
Ashburton,2018,All,1850000,11850500
Ashburton,2018,Houses,1850000,11850500
CarltonNorth,2016,All,1280000,31872000
CarltonNorth,2016,Houses,1330000,29190000
CarltonNorth,2016,Units,478500,1917000
CarltonNorth,2016,Others,765000,765000
CarltonNorth,2017,All,1555000,64653000
CarltonNorth,2017,Houses,1650000,59560000
CarltonNorth,2017,Units,595000,5093000
CarltonNorth,2018,All,1065000,12761000
CarltonNorth,2018,Houses,1300500,10751000
CarltonNorth,2018,Units,665000,2010000
Spotswood,2016,All,863250,16953000
Spotswood,2016,Houses,899250,15268000
Spotswood,2016,Others,842500,1685000
Spotswood,2017,All,978000,24535000
Spotswood,2017,Houses,1050000,16478500
Spotswood,2017,Units,660000,4694000
Spotswood,2017,Others,1150000,3362500
Spotswood,2018,All,1060000,3177000
Spotswood,2018,Houses,1060000,3177000
Heidelberg,2016,All,985000,28849500
Heidelberg,2016,Houses,1115000,21210000
Heidelberg,2016,Units,546500,4381500
Heidelberg,2016,Others,600000,3258000
Heidelberg,2017,All,870000,40013500
Heidelberg,2017,Houses,1375000,25081000
Heidelberg,2017,Units,615000,7396500
Heidelberg,2017,Others,759500,7536000
Heidelberg,2018,All,805000,6329000
Heidelberg,2018,Houses,1063000,2126000
Heidelberg,2018,Units,780000,4203000
Richmond,2016,All,1040000,202390750
Richmond,2016,Houses,1220000,151520000
Richmond,2016,Units,555000,32800750
Richmond,2016,Others,955000,18070000
Richmond,2017,All,1055000,221485700
Richmond,2017,Houses,1327000,143824500
Richmond,2017,Units,534000,52594200
Richmond,2017,Others,1230000,25067000
Richmond,2018,All,1010000,44793150
Richmond,2018,Houses,1290000,29212500
Richmond,2018,Units,585000,10575650
Richmond,2018,Others,1077500,5005000
Vermont,2017,All,1050500,27122500
Vermont,2017,Houses,1111500,22930500
Vermont,2017,Units,580000,580000
Vermont,2017,Others,908500,3612000
Vermont,2018,All,907500,7691000
Vermont,2018,Houses,962500,6225000
Vermont,2018,Units,733000,1466000
Canterbury,2016,All,1821500,73980000
Canterbury,2016,Houses,2497500,62615500
Canterbury,2016,Units,729000,4679500
Canterbury,2016,Others,1711000,6685000
Canterbury,2017,All,2408000,120311000
Canterbury,2017,Houses,2725000,104049000
Canterbury,2017,Units,833000,11556000
Canterbury,2017,Others,1550000,4706000
Canterbury,2018,All,2402500,8542000
Canterbury,2018,Houses,2430000,7705000
Canterbury,2018,Units,837000,837000
BurnsideHeights,2017,All,586500,4882000
BurnsideHeights,2017,Houses,586500,4882000
BurnsideHeights,2018,All,655000,1310000
BurnsideHeights,2018,Houses,655000,1310000
CranbourneEast,2017,All,440000,440000
CranbourneEast,2017,Houses,440000,440000
Brooklyn,2016,All,495000,6534000
Brooklyn,2016,Houses,825000,3254000
Brooklyn,2016,Units,480000,1380000
Brooklyn,2016,Others,487500,1900000
Brooklyn,2017,All,640000,12033099
Brooklyn,2017,Houses,805000,6003000
Brooklyn,2017,Units,515000,2454600
Brooklyn,2017,Others,619999,3575499
Brooklyn,2018,All,655000,3180000
Brooklyn,2018,Houses,695000,1390000
Brooklyn,2018,Units,410000,410000
Brooklyn,2018,Others,690000,1380000
Coburg,2016,All,825000,95689500
Coburg,2016,Houses,920000,77365000
Coburg,2016,Units,468000,5622500
Coburg,2016,Others,655000,12702000
Coburg,2017,All,970000,153949476
Coburg,2017,Houses,1020000,127388276
Coburg,2017,Units,590000,7778200
Coburg,2017,Others,701000,18783000
Coburg,2018,All,938000,33073500
Coburg,2018,Houses,977500,27496000
Coburg,2018,Units,472500,2675500
Coburg,2018,Others,1025000,2902000
OakleighEast,2017,All,954500,21664500
OakleighEast,2017,Houses,1225000,14050000
OakleighEast,2017,Units,790000,3196500
OakleighEast,2017,Others,905000,4418000
OakleighEast,2018,All,1030500,8981000
OakleighEast,2018,Houses,1252500,5420000
OakleighEast,2018,Others,920000,3561000
HeidelbergHeights,2016,All,661250,31113100
HeidelbergHeights,2016,Houses,700000,27413100
HeidelbergHeights,2016,Units,445000,1895000
HeidelbergHeights,2016,Others,620000,1805000
HeidelbergHeights,2017,All,757000,54919250
HeidelbergHeights,2017,Houses,800000,43066500
HeidelbergHeights,2017,Units,630000,5820000
HeidelbergHeights,2017,Others,685000,6032750
HeidelbergHeights,2018,All,858000,7920500
HeidelbergHeights,2018,Houses,861500,7160500
HeidelbergHeights,2018,Others,760000,760000
GlenIris,2016,All,1600000,208366800
GlenIris,2016,Houses,1877500,178546800
GlenIris,2016,Units,537250,18517000
GlenIris,2016,Others,1247500,11303000
GlenIris,2017,All,1446000,250337000
GlenIris,2017,Houses,1910000,195864000
GlenIris,2017,Units,668250,33749000
GlenIris,2017,Others,1160000,20724000
GlenIris,2018,All,1360000,42992000
GlenIris,2018,Houses,1850000,31359000
GlenIris,2018,Units,567500,5978000
GlenIris,2018,Others,1215000,5655000
Blackburn,2017,All,1300000,57900600
Blackburn,2017,Houses,1350000,48541500
Blackburn,2017,Units,754000,4518100
Blackburn,2017,Others,881000,4841000
Blackburn,2018,All,1475000,23578000
Blackburn,2018,Houses,1505000,20158000
Blackburn,2018,Units,1210000,2420000
Blackburn,2018,Others,1000000,1000000
Kingsville,2016,All,816500,20576200
Kingsville,2016,Houses,918750,19066200
Kingsville,2016,Units,270000,910000
Kingsville,2016,Others,600000,600000
Kingsville,2017,All,922500,26008500
Kingsville,2017,Houses,1085000,21702500
Kingsville,2017,Units,532500,3566000
Kingsville,2017,Others,740000,740000
Kingsville,2018,All,1020000,8045000
Kingsville,2018,Houses,1203000,7086000
Kingsville,2018,Units,312000,959000
Clarinda,2017,All,882000,10122300
Clarinda,2017,Houses,887400,7908800
Clarinda,2017,Units,665750,1331500
Clarinda,2017,Others,882000,882000
Clarinda,2018,All,802000,7460500
Clarinda,2018,Houses,894500,5925500
Clarinda,2018,Units,730000,730000
Clarinda,2018,Others,805000,805000
DoncasterEast,2017,All,1327500,131413900
DoncasterEast,2017,Houses,1380500,106406900
DoncasterEast,2017,Units,871000,8011000
DoncasterEast,2017,Others,1080000,16996000
DoncasterEast,2018,All,1198000,24483800
DoncasterEast,2018,Houses,1200000,21093800
DoncasterEast,2018,Units,773000,1546000
DoncasterEast,2018,Others,922000,1844000
SunshineWest,2016,All,540000,37682900
SunshineWest,2016,Houses,547500,33965900
SunshineWest,2016,Units,370000,2757000
SunshineWest,2016,Others,480000,960000
SunshineWest,2017,All,660000,53239900
SunshineWest,2017,Houses,687500,47451900
SunshineWest,2017,Units,536000,2847000
SunshineWest,2017,Others,585000,2941000
SunshineWest,2018,All,650000,12622500
SunshineWest,2018,Houses,682500,11006000
SunshineWest,2018,Units,571500,571500
SunshineWest,2018,Others,522500,1045000
Ringwood,2017,All,910000,44732299
Ringwood,2017,Houses,932500,40069299
Ringwood,2017,Units,615000,3813000
Ringwood,2017,Others,850000,850000
Ringwood,2018,All,880000,12024000
Ringwood,2018,Houses,1013000,7361000
Ringwood,2018,Units,566500,1133000
Ringwood,2018,Others,830000,3530000
Abbotsford,2016,All,985000,43080500
Abbotsford,2016,Houses,1176500,33288000
Abbotsford,2016,Units,481000,8200500
Abbotsford,2016,Others,796000,1592000
Abbotsford,2017,All,1082500,55895500
Abbotsford,2017,Houses,1241000,41336500
Abbotsford,2017,Units,666500,9902000
Abbotsford,2017,Others,1116000,4657000
Abbotsford,2018,All,1077500,6446000
Abbotsford,2018,Houses,1200000,3521000
Abbotsford,2018,Units,750000,2925000
KewEast,2016,All,1615000,58454000
KewEast,2016,Houses,1830000,48124000
KewEast,2016,Units,787500,7107000
KewEast,2016,Others,1611500,3223000
KewEast,2017,All,1775000,81584000
KewEast,2017,Houses,1875000,70427000
KewEast,2017,Units,791000,3532000
KewEast,2017,Others,1202500,7625000
KewEast,2018,All,1762000,24054000
KewEast,2018,Houses,1850000,21581000
KewEast,2018,Units,788000,2473000
Pakenham,2017,All,493000,6493000
Pakenham,2017,Houses,493000,6493000
Pakenham,2018,All,675500,1351000
Pakenham,2018,Houses,675500,1351000
Maribyrnong,2016,All,730000,67289700
Maribyrnong,2016,Houses,940000,45322700
Maribyrnong,2016,Units,442500,6294000
Maribyrnong,2016,Others,550000,15673000
Maribyrnong,2017,All,945000,85256388
Maribyrnong,2017,Houses,1132500,60590888
Maribyrnong,2017,Units,450000,10868500
Maribyrnong,2017,Others,815000,13797000
Maribyrnong,2018,All,631250,13459500
Maribyrnong,2018,Houses,1275000,8227000
Maribyrnong,2018,Units,517500,2040000
Maribyrnong,2018,Others,625000,3192500
CarolineSprings,2017,All,585000,13000500
CarolineSprings,2017,Houses,592500,11690500
CarolineSprings,2017,Others,430000,1310000
CarolineSprings,2018,All,583750,3592500
CarolineSprings,2018,Houses,587500,3022500
CarolineSprings,2018,Others,570000,570000
CaulfieldEast,2016,All,1300000,10541000
CaulfieldEast,2016,Houses,1317500,9986000
CaulfieldEast,2016,Units,555000,555000
CaulfieldEast,2017,All,910000,8084000
CaulfieldEast,2017,Houses,1275000,4869000
CaulfieldEast,2017,Units,350000,1320000
CaulfieldEast,2017,Others,947500,1895000
CaulfieldEast,2018,All,1520000,1520000
CaulfieldEast,2018,Houses,1520000,1520000
McKinnon,2017,All,1536500,37971800
McKinnon,2017,Houses,1830000,26124500
McKinnon,2017,Units,675250,2961500
McKinnon,2017,Others,1142000,8885800
McKinnon,2018,All,1730000,7855000
McKinnon,2018,Houses,1742500,6505000
McKinnon,2018,Others,1350000,1350000
HawthornEast,2016,All,1450000,109578250
HawthornEast,2016,Houses,1700000,82603000
HawthornEast,2016,Units,570500,15412250
HawthornEast,2016,Others,1462500,11563000
HawthornEast,2017,All,1145000,140082488
HawthornEast,2017,Houses,2225000,102212500
HawthornEast,2017,Units,591000,31680988
HawthornEast,2017,Others,1264000,6189000
HawthornEast,2018,All,1410000,28400000
HawthornEast,2018,Houses,2800000,22259000
HawthornEast,2018,Units,638500,4052000
HawthornEast,2018,Others,1044500,2089000
StrathmoreHeights,2016,All,800000,7641999
StrathmoreHeights,2016,Houses,830000,6891999
StrathmoreHeights,2016,Units,750000,750000
StrathmoreHeights,2017,All,800000,2435500
StrathmoreHeights,2017,Houses,817750,1635500
StrathmoreHeights,2017,Others,800000,800000
StrathmoreHeights,2018,All,1270000,1270000
StrathmoreHeights,2018,Houses,1270000,1270000
AlbertPark,2016,All,1800000,63969000
AlbertPark,2016,Houses,1800000,59962000
AlbertPark,2016,Units,1228500,2457000
AlbertPark,2016,Others,1550000,1550000
AlbertPark,2017,All,1960000,108810500
AlbertPark,2017,Houses,2070000,101973000
AlbertPark,2017,Units,563750,2647500
AlbertPark,2017,Others,1440000,4190000
AlbertPark,2018,All,1422000,6492000
AlbertPark,2018,Houses,1800000,3600000
AlbertPark,2018,Units,735000,1470000
AlbertPark,2018,Others,1422000,1422000
SouthMorang,2017,All,621000,44380000
SouthMorang,2017,Houses,633250,41510000
SouthMorang,2017,Units,428500,1654000
SouthMorang,2017,Others,420000,1216000
SouthMorang,2018,All,675000,12328500
SouthMorang,2018,Houses,676000,11426500
SouthMorang,2018,Units,385000,385000
SouthMorang,2018,Others,517000,517000
BalwynNorth,2016,All,1650500,205302300
BalwynNorth,2016,Houses,1750000,188546800
BalwynNorth,2016,Units,940000,8325500
BalwynNorth,2016,Others,1238000,8430000
BalwynNorth,2017,All,1750000,270397000
BalwynNorth,2017,Houses,1850000,236742000
BalwynNorth,2017,Units,927500,13498000
BalwynNorth,2017,Others,1330000,20157000
BalwynNorth,2018,All,1800000,54775000
BalwynNorth,2018,Houses,2015000,45192500
BalwynNorth,2018,Units,733000,3472500
BalwynNorth,2018,Others,1250000,6110000
Murrumbeena,2016,All,1076000,50081000
Murrumbeena,2016,Houses,1327500,32834000
Murrumbeena,2016,Units,603000,7515500
Murrumbeena,2016,Others,980000,9731500
Murrumbeena,2017,All,1125000,80718188
Murrumbeena,2017,Houses,1445000,53904188
Murrumbeena,2017,Units,537500,16454000
Murrumbeena,2017,Others,1028000,10360000
Murrumbeena,2018,All,1300000,16696000
Murrumbeena,2018,Houses,1378750,10777500
Murrumbeena,2018,Units,690000,2481000
Murrumbeena,2018,Others,1227500,3437500
Croydon,2017,All,856500,67032600
Croydon,2017,Houses,876250,60943000
Croydon,2017,Units,625500,5609600
Croydon,2017,Others,480000,480000
Croydon,2018,All,810000,18503200
Croydon,2018,Houses,825000,16538200
Croydon,2018,Units,682500,1365000
Croydon,2018,Others,600000,600000
MeltonSouth,2017,All,403500,17870250
MeltonSouth,2017,Houses,407000,17590250
MeltonSouth,2017,Units,280000,280000
MeltonSouth,2018,All,412500,5856500
MeltonSouth,2018,Houses,415000,5566500
MeltonSouth,2018,Units,290000,290000
Knoxfield,2017,All,950000,9178000
Knoxfield,2017,Houses,980000,8532000
Knoxfield,2017,Units,646000,646000
Knoxfield,2018,All,830000,5689864
Knoxfield,2018,Houses,850000,5139000
Knoxfield,2018,Units,550864,550864
Rosanna,2016,All,890000,50697500
Rosanna,2016,Houses,930000,41835000
Rosanna,2016,Units,601000,4194000
Rosanna,2016,Others,798750,4668500
Rosanna,2017,All,1067500,57114000
Rosanna,2017,Houses,1110500,46760500
Rosanna,2017,Units,675000,6277500
Rosanna,2017,Others,800000,4076000
Rosanna,2018,All,1020500,12496740
Rosanna,2018,Houses,1082500,11036240
Rosanna,2018,Units,740500,740500
Rosanna,2018,Others,720000,720000
Ripponlea,2016,All,632500,6716000
Ripponlea,2016,Houses,1639500,3279000
Ripponlea,2016,Units,570000,2682000
Ripponlea,2016,Others,755000,755000
Ripponlea,2017,All,534250,3668500
Ripponlea,2017,Houses,1005000,1005000
Ripponlea,2017,Units,510000,2663500
Ripponlea,2018,All,782000,2482000
Ripponlea,2018,Houses,1380000,1380000
Ripponlea,2018,Units,551000,1102000
Mulgrave,2017,All,914500,64095000
Mulgrave,2017,Houses,950000,59807000
Mulgrave,2017,Units,722000,2062000
Mulgrave,2017,Others,750000,2226000
Mulgrave,2018,All,863500,16402896
Mulgrave,2018,Houses,863500,16402896
Warranwood,2017,All,922500,1845000
Warranwood,2017,Houses,922500,1845000
Warranwood,2018,All,1050000,1050000
Warranwood,2018,Houses,1050000,1050000
Bellfield,2016,All,776500,7657000
Bellfield,2016,Houses,776500,6153000
Bellfield,2016,Units,752000,1504000
Bellfield,2017,All,874500,12042500
Bellfield,2017,Houses,874500,12042500
Bellfield,2018,All,812500,1625000
Bellfield,2018,Houses,812500,1625000
Eltham,2017,All,915750,58248200
Eltham,2017,Houses,930000,51324500
Eltham,2017,Units,652350,5417700
Eltham,2017,Others,753000,1506000
Eltham,2018,All,1005000,15975700
Eltham,2018,Houses,1165000,13948200
Eltham,2018,Units,681750,1363500
Eltham,2018,Others,664000,664000
Aberfeldie,2016,All,1192500,27682000
Aberfeldie,2016,Houses,1346000,23511000
Aberfeldie,2016,Units,456000,3236000
Aberfeldie,2016,Others,935000,935000
Aberfeldie,2017,All,1325000,56525500
Aberfeldie,2017,Houses,1510000,46556500
Aberfeldie,2017,Units,347500,4929000
Aberfeldie,2017,Others,1260000,5040000
Aberfeldie,2018,All,1630000,7296000
Aberfeldie,2018,Houses,1630000,7296000
Albanvale,2017,All,540000,4824500
Albanvale,2017,Houses,547500,4409500
Albanvale,2017,Units,415000,415000
CroydonSouth,2017,All,952000,6667000
CroydonSouth,2017,Houses,952000,6667000
CroydonSouth,2018,All,808500,3172000
CroydonSouth,2018,Houses,702000,2257000
CroydonSouth,2018,Others,915000,915000
Langwarrin,2017,All,564750,7117500
Langwarrin,2017,Houses,635000,5933500
Langwarrin,2017,Units,400000,1184000
Langwarrin,2018,All,570000,1770000
Langwarrin,2018,Houses,570000,1770000
Caulfield,2016,All,1155000,6935500
Caulfield,2016,Houses,1220000,3975000
Caulfield,2016,Units,680250,1360500
Caulfield,2016,Others,1600000,1600000
Caulfield,2017,All,542500,5281000
Caulfield,2017,Houses,811000,2012000
Caulfield,2017,Units,535000,3269000
DingleyVillage,2017,All,871000,29452500
DingleyVillage,2017,Houses,892000,25379000
DingleyVillage,2017,Units,629250,2531500
DingleyVillage,2017,Others,771000,1542000
DingleyVillage,2018,All,877500,10581500
DingleyVillage,2018,Houses,880000,9901500
DingleyVillage,2018,Units,680000,680000
Eumemmerring,2017,All,580000,1798000
Eumemmerring,2017,Houses,580000,1798000
Hillside,2017,All,648000,31272700
Hillside,2017,Houses,654000,29894700
Hillside,2017,Units,485000,1378000
Hillside,2018,All,666000,13792000
Hillside,2018,Houses,680000,12772000
Hillside,2018,Units,510000,1020000
NewGisborne,2017,All,703750,3327500
NewGisborne,2017,Houses,703750,3327500
NewGisborne,2018,All,625000,625000
NewGisborne,2018,Houses,625000,625000
KingsPark,2017,All,528000,5411000
KingsPark,2017,Houses,528000,5411000
KingsPark,2018,All,635000,3000000
KingsPark,2018,Houses,650000,2560000
KingsPark,2018,Units,440000,440000
Kurunjang,2017,All,358500,3563500
Kurunjang,2017,Houses,358500,3563500
Kurunjang,2018,All,439000,1385000
Kurunjang,2018,Houses,439000,1385000
RingwoodEast,2017,All,905000,26827888
RingwoodEast,2017,Houses,925944,23918888
RingwoodEast,2017,Units,584500,1169000
RingwoodEast,2017,Others,870000,1740000
RingwoodEast,2018,All,797500,6244000
RingwoodEast,2018,Houses,817500,3327000
RingwoodEast,2018,Units,700000,2057000
RingwoodEast,2018,Others,860000,860000
Thomastown,2017,All,651000,39804500
Thomastown,2017,Houses,672000,32461500
Thomastown,2017,Units,460000,6936500
Thomastown,2017,Others,406500,406500
Thomastown,2018,All,632000,12450500
Thomastown,2018,Houses,640500,10714000
Thomastown,2018,Units,385000,1736500
WerribeeSouth,2017,All,355000,355000
WerribeeSouth,2017,Houses,355000,355000
WerribeeSouth,2018,All,640000,640000
WerribeeSouth,2018,Houses,640000,640000
Monbulk,2017,All,720000,720000
Monbulk,2017,Houses,720000,720000
Nunawading,2017,All,1008500,43861580
Nunawading,2017,Houses,1060000,31045000
Nunawading,2017,Units,725000,6535500
Nunawading,2017,Others,1062500,6281080
Nunawading,2018,All,868000,11685000
Nunawading,2018,Houses,985000,7845500
Nunawading,2018,Units,620500,2939500
Nunawading,2018,Others,900000,900000
CaulfieldNorth,2016,All,570000,20193500
CaulfieldNorth,2016,Houses,1877500,11520000
CaulfieldNorth,2016,Units,529000,7063500
CaulfieldNorth,2016,Others,1610000,1610000
CaulfieldNorth,2017,All,616000,40676750
CaulfieldNorth,2017,Houses,1825000,20807500
CaulfieldNorth,2017,Units,557500,18394250
CaulfieldNorth,2017,Others,1475000,1475000
CaulfieldNorth,2018,All,715000,2910000
CaulfieldNorth,2018,Houses,1545000,1545000
CaulfieldNorth,2018,Units,682500,1365000
FerntreeGully,2017,All,761000,35589488
FerntreeGully,2017,Houses,791100,29511488
FerntreeGully,2017,Units,610000,2844000
FerntreeGully,2017,Others,670000,3234000
FerntreeGully,2018,All,755000,8430000
FerntreeGully,2018,Houses,845000,7197000
FerntreeGully,2018,Units,597000,597000
FerntreeGully,2018,Others,636000,636000
Doreen,2017,All,550000,10350000
Doreen,2017,Houses,550000,10350000
Doreen,2018,All,537000,9866500
Doreen,2018,Houses,547500,9336500
Doreen,2018,Units,530000,530000
Beaumaris,2017,All,1660000,100911000
Beaumaris,2017,Houses,1750000,83572000
Beaumaris,2017,Units,674500,3836500
Beaumaris,2017,Others,1222500,13502500
Beaumaris,2018,All,1660000,32321000
Beaumaris,2018,Houses,1702000,26427000
Beaumaris,2018,Units,616000,1232000
Beaumaris,2018,Others,1600000,4662000
Springvale,2017,All,752500,21026500
Springvale,2017,Houses,770000,16357500
Springvale,2017,Units,625000,4669000
Springvale,2018,All,810000,9149000
Springvale,2018,Houses,820000,7894000
Springvale,2018,Units,570000,570000
Springvale,2018,Others,685000,685000
Darley,2017,All,380000,380000
Darley,2017,Houses,380000,380000
IvanhoeEast,2016,All,1700000,31233000
IvanhoeEast,2016,Houses,1836000,27043000
IvanhoeEast,2016,Units,485000,3140000
IvanhoeEast,2016,Others,1050000,1050000
IvanhoeEast,2017,All,1879000,37643000
IvanhoeEast,2017,Houses,2010000,35619000
IvanhoeEast,2017,Units,629000,2024000
IvanhoeEast,2018,All,1461000,5424000
IvanhoeEast,2018,Houses,1490000,4852000
IvanhoeEast,2018,Units,572000,572000
Tullamarine,2017,All,610000,24599500
Tullamarine,2017,Houses,660000,17467500
Tullamarine,2017,Units,487500,4512000
Tullamarine,2017,Others,545000,2620000
Tullamarine,2018,All,610000,3684500
Tullamarine,2018,Houses,732000,2192000
Tullamarine,2018,Units,482500,1492500
Brunswick,2016,All,860000,127795000
Brunswick,2016,Houses,1026000,95407500
Brunswick,2016,Units,505500,17532500
Brunswick,2016,Others,752000,14855000
Brunswick,2017,All,1025000,202174150
Brunswick,2017,Houses,1250000,163690000
Brunswick,2017,Units,498000,23508150
Brunswick,2017,Others,857000,14976000
Brunswick,2018,All,1000000,48512500
Brunswick,2018,Houses,1105000,38993500
Brunswick,2018,Units,620000,8541000
Brunswick,2018,Others,978000,978000
EssendonNorth,2016,All,712000,8601000
EssendonNorth,2016,Houses,1580000,4505000
EssendonNorth,2016,Units,396000,3316000
EssendonNorth,2016,Others,780000,780000
EssendonNorth,2017,All,801000,25038000
EssendonNorth,2017,Houses,1247500,15705500
EssendonNorth,2017,Units,445000,6210000
EssendonNorth,2017,Others,805000,3122500
EssendonNorth,2018,All,650000,1725000
EssendonNorth,2018,Houses,680000,1360000
EssendonNorth,2018,Units,365000,365000
MooneePonds,2016,All,975500,99672000
MooneePonds,2016,Houses,1211000,77694000
MooneePonds,2016,Units,470000,13287000
MooneePonds,2016,Others,856250,8691000
MooneePonds,2017,All,1207500,138763200
MooneePonds,2017,Houses,1305000,117805200
MooneePonds,2017,Units,470000,13128000
MooneePonds,2017,Others,965000,7830000
MooneePonds,2018,All,1250000,35297500
MooneePonds,2018,Houses,1400000,31435000
MooneePonds,2018,Units,432750,2967500
MooneePonds,2018,Others,895000,895000
DiggersRest,2017,All,428500,2775000
DiggersRest,2017,Houses,435000,2378000
DiggersRest,2017,Units,397000,397000
DiggersRest,2018,All,517500,1035000
DiggersRest,2018,Houses,517500,1035000
OakPark,2016,All,719375,33833483
OakPark,2016,Houses,835000,23195833
OakPark,2016,Units,536000,4274500
OakPark,2016,Others,635000,6363150
OakPark,2017,All,865000,51333444
OakPark,2017,Houses,1000000,35760776
OakPark,2017,Units,639000,5010000
OakPark,2017,Others,650000,10562668
OakPark,2018,All,600000,7385000
OakPark,2018,Houses,790000,2469000
OakPark,2018,Units,555000,2886000
OakPark,2018,Others,600000,2030000
WongaPark,2017,All,1357500,2715000
WongaPark,2017,Houses,1357500,2715000
Altona,2016,All,720000,31999700
Altona,2016,Houses,857000,19455100
Altona,2016,Units,580000,8110000
Altona,2016,Others,731500,4434600
Altona,2017,All,907000,53998250
Altona,2017,Houses,1020000,39881500
Altona,2017,Units,605000,7839250
Altona,2017,Others,790000,6277500
Altona,2018,All,1005000,10375000
Altona,2018,Houses,970000,7553000
Altona,2018,Units,806000,1612000
Altona,2018,Others,1210000,1210000
Hampton,2016,All,1515000,143357000
Hampton,2016,Houses,1697500,109716500
Hampton,2016,Units,740000,12805000
Hampton,2016,Others,1405000,20835500
Hampton,2017,All,1715000,181261250
Hampton,2017,Houses,2000000,130523000
Hampton,2017,Units,810000,18480750
Hampton,2017,Others,1477500,32257500
Hampton,2018,All,1429000,33390000
Hampton,2018,Houses,1720000,22929000
Hampton,2018,Units,850000,3895000
Hampton,2018,Others,1100000,6566000
viewbank,2017,All,885000,885000
viewbank,2017,Others,885000,885000
Coldstream,2017,All,630000,630000
Coldstream,2017,Houses,630000,630000
Clayton,2017,All,1045000,34077888
Clayton,2017,Houses,1215000,27425388
Clayton,2017,Units,736000,5102500
Clayton,2017,Others,775000,1550000
Clayton,2018,All,962000,5803000
Clayton,2018,Houses,1620500,3241000
Clayton,2018,Others,800000,2562000
Silvan,2017,All,1077500,2155000
Silvan,2017,Houses,1077500,2155000
NoblePark,2017,All,650000,25292000
NoblePark,2017,Houses,715000,19344500
NoblePark,2017,Units,466250,3855500
NoblePark,2017,Others,522500,2092000
NoblePark,2018,All,630000,7275500
NoblePark,2018,Houses,721250,4595500
NoblePark,2018,Units,510000,1520000
NoblePark,2018,Others,580000,1160000
Doncaster,2016,All,1201000,105058400
Doncaster,2016,Houses,1322000,83591600
Doncaster,2016,Units,700000,9701800
Doncaster,2016,Others,923000,11765000
Doncaster,2017,All,1350000,135426200
Doncaster,2017,Houses,1400000,109987000
Doncaster,2017,Units,781000,10741000
Doncaster,2017,Others,1037500,14698200
Doncaster,2018,All,1300000,18505000
Doncaster,2018,Houses,1320000,14945000
Doncaster,2018,Units,490000,490000
Doncaster,2018,Others,885000,3070000
Gowanbrae,2016,All,600000,10516500
Gowanbrae,2016,Houses,631000,9516500
Gowanbrae,2016,Others,500000,1000000
Gowanbrae,2017,All,820000,16339000
Gowanbrae,2017,Houses,825000,15684000
Gowanbrae,2017,Others,655000,655000
Gowanbrae,2018,All,770000,4185000
Gowanbrae,2018,Houses,780000,3485000
Gowanbrae,2018,Others,700000,700000
Campbellfield,2016,All,445000,2693000
Campbellfield,2016,Houses,445000,2693000
Campbellfield,2017,All,620000,4196000
Campbellfield,2017,Houses,620000,4196000
Campbellfield,2018,All,407500,1890000
Campbellfield,2018,Houses,430000,1540000
Campbellfield,2018,Others,350000,350000
Doveton,2017,All,504250,9266500
Doveton,2017,Houses,504250,8324500
Doveton,2017,Units,471000,942000
Doveton,2018,All,670000,670000
Doveton,2018,Houses,670000,670000
BoxHill,2016,All,1185000,46635900
BoxHill,2016,Houses,1461400,38430400
BoxHill,2016,Units,588000,5658000
BoxHill,2016,Others,822500,2547500
BoxHill,2017,All,1525000,55292100
BoxHill,2017,Houses,1726000,46012600
BoxHill,2017,Units,646500,6739500
BoxHill,2017,Others,820000,2540000
BoxHill,2018,All,2000000,10677888
BoxHill,2018,Houses,2064444,10008888
BoxHill,2018,Units,669000,669000
OakleighSouth,2016,All,900000,43875347
OakleighSouth,2016,Houses,980000,38180347
OakleighSouth,2016,Units,645000,2615000
OakleighSouth,2016,Others,740000,3080000
OakleighSouth,2017,All,1043750,65675349
OakleighSouth,2017,Houses,1058500,58874349
OakleighSouth,2017,Units,728750,2873500
OakleighSouth,2017,Others,942500,3927500
OakleighSouth,2018,All,949000,1898000
OakleighSouth,2018,Houses,949000,1898000
FrankstonSouth,2017,All,870500,30311500
FrankstonSouth,2017,Houses,881000,29568000
FrankstonSouth,2017,Others,743500,743500
FrankstonSouth,2018,All,872500,7450500
FrankstonSouth,2018,Houses,872500,7450500
Bayswater,2017,All,720000,21115000
Bayswater,2017,Houses,755000,16289000
Bayswater,2017,Units,520000,2680000
Bayswater,2017,Others,646000,2146000
Bayswater,2018,All,822000,4059000
Bayswater,2018,Houses,842000,3407000
Bayswater,2018,Units,652000,652000
Newport,2016,All,922500,83854500
Newport,2016,Houses,942500,74173000
Newport,2016,Units,522500,3295000
Newport,2016,Others,795000,6386500
Newport,2017,All,1000000,104245500
Newport,2017,Houses,1100000,90439500
Newport,2017,Units,539500,4500000
Newport,2017,Others,863000,9306000
Newport,2018,All,935000,26857100
Newport,2018,Houses,1030000,20038600
Newport,2018,Units,441000,1263500
Newport,2018,Others,932500,5555000
Derrimut,2017,All,749000,7493000
Derrimut,2017,Houses,749000,7493000
Derrimut,2018,All,805000,3948000
Derrimut,2018,Houses,805000,3948000
SouthYarra,2016,All,687000,142206350
SouthYarra,2016,Houses,1810000,72338300
SouthYarra,2016,Units,551000,62068050
SouthYarra,2016,Others,1460000,7800000
SouthYarra,2017,All,837500,167071300
SouthYarra,2017,Houses,1702000,69752500
SouthYarra,2017,Units,650500,85773800
SouthYarra,2017,Others,1510000,11545000
SouthYarra,2018,All,940000,37857200
SouthYarra,2018,Houses,2230000,18520000
SouthYarra,2018,Units,682500,15135200
SouthYarra,2018,Others,1500000,4202000
BacchusMarsh,2017,All,431000,1692000
BacchusMarsh,2017,Houses,431000,1692000
Preston,2016,All,850000,136724538
Preston,2016,Houses,890000,118798900
Preston,2016,Units,485000,7459750
Preston,2016,Others,627500,10465888
Preston,2017,All,902500,186480450
Preston,2017,Houses,980000,150272750
Preston,2017,Units,515000,16207700
Preston,2017,Others,710000,20000000
Preston,2018,All,875000,42661000
Preston,2018,Houses,1000000,31610000
Preston,2018,Units,507500,4303000
Preston,2018,Others,753000,6748000
DandenongNorth,2017,All,645400,24438700
DandenongNorth,2017,Houses,682000,21194700
DandenongNorth,2017,Units,470000,3244000
DandenongNorth,2018,All,661750,4084500
DandenongNorth,2018,Houses,661750,4084500
Glenroy,2016,All,592000,77231587
Glenroy,2016,Houses,630000,57634985
Glenroy,2016,Units,436000,6018250
Glenroy,2016,Others,488500,13578352
Glenroy,2017,All,685500,128407543
Glenroy,2017,Houses,770000,92030410
Glenroy,2017,Units,493000,7961500
Glenroy,2017,Others,595000,28415633
Glenroy,2018,All,685000,20652777
Glenroy,2018,Houses,725000,14461277
Glenroy,2018,Units,635000,635000
Glenroy,2018,Others,567500,5556500
RiddellsCreek,2017,All,892250,1784500
RiddellsCreek,2017,Houses,892250,1784500
RiddellsCreek,2018,All,695000,1390000
RiddellsCreek,2018,Houses,695000,1390000
Bonbeach,2017,All,942500,13157500
Bonbeach,2017,Houses,965000,9980500
Bonbeach,2017,Units,772000,772000
Bonbeach,2017,Others,1202500,2405000
Bonbeach,2018,All,1050000,1050000
Bonbeach,2018,Houses,1050000,1050000
Ivanhoe,2016,All,855000,68278500
Ivanhoe,2016,Houses,1320000,48197500
Ivanhoe,2016,Units,490000,12442000
Ivanhoe,2016,Others,764500,7639000
Ivanhoe,2017,All,1215000,118398500
Ivanhoe,2017,Houses,1510000,87763000
Ivanhoe,2017,Units,845000,14596500
Ivanhoe,2017,Others,972500,16039000
Ivanhoe,2018,All,1155000,19808000
Ivanhoe,2018,Houses,1262000,15380000
Ivanhoe,2018,Units,730000,2513000
Ivanhoe,2018,Others,957500,1915000
FrankstonNorth,2017,All,493000,6591000
FrankstonNorth,2017,Houses,493000,6591000
Research,2017,All,720000,2955000
Research,2017,Houses,1175000,2350000
Research,2017,Units,605000,605000
Research,2018,All,900000,2480000
Research,2018,Houses,915000,1830000
Research,2018,Units,650000,650000
MontAlbert,2016,All,1320000,46988000
MontAlbert,2016,Houses,1928000,34119000
MontAlbert,2016,Units,665000,6369000
MontAlbert,2016,Others,1175000,6500000
MontAlbert,2017,All,1510000,56405888
MontAlbert,2017,Houses,1982500,44973000
MontAlbert,2017,Units,759000,8909888
MontAlbert,2017,Others,1261500,2523000
MontAlbert,2018,All,1700000,16827500
MontAlbert,2018,Houses,2202500,12575000
MontAlbert,2018,Units,620750,2492500
MontAlbert,2018,Others,1760000,1760000
Lysterfield,2018,All,730000,730000
Lysterfield,2018,Houses,730000,730000
Cairnlea,2017,All,696000,13270200
Cairnlea,2017,Houses,696000,13270200
Cairnlea,2018,All,706500,1413000
Cairnlea,2018,Houses,706500,1413000
Bentleigh,2016,All,1275000,141449500
Bentleigh,2016,Houses,1355000,99584500
Bentleigh,2016,Units,650000,12698000
Bentleigh,2016,Others,1245000,29167000
Bentleigh,2017,All,1335000,169554409
Bentleigh,2017,Houses,1520000,109661000
Bentleigh,2017,Units,710000,13740250
Bentleigh,2017,Others,1250000,46153159
Bentleigh,2018,All,1350000,43855500
Bentleigh,2018,Houses,1526000,33146500
Bentleigh,2018,Units,450500,2371500
Bentleigh,2018,Others,1280000,8337500
SouthKingsville,2016,All,691000,10831250
SouthKingsville,2016,Houses,930000,5543250
SouthKingsville,2016,Units,443000,886000
SouthKingsville,2016,Others,685500,4402000
SouthKingsville,2017,All,825000,9933000
SouthKingsville,2017,Houses,995000,7259000
SouthKingsville,2017,Units,321000,1129000
SouthKingsville,2017,Others,772500,1545000
SouthKingsville,2018,All,1015000,2775000
SouthKingsville,2018,Houses,1030000,1030000
SouthKingsville,2018,Others,872500,1745000
Edithvale,2017,All,870000,26149000
Edithvale,2017,Houses,922500,17844000
Edithvale,2017,Units,686000,4728000
Edithvale,2017,Others,897500,3577000
Edithvale,2018,All,808500,8243000
Edithvale,2018,Houses,962000,2892000
Edithvale,2018,Units,872000,872000
Edithvale,2018,Others,650000,4479000
Carlton,2016,All,860000,33002350
Carlton,2016,Houses,1405000,22156100
Carlton,2016,Units,600000,9974250
Carlton,2016,Others,872000,872000
Carlton,2017,All,1044850,46194700
Carlton,2017,Houses,1399000,29479000
Carlton,2017,Units,830000,13326000
Carlton,2017,Others,1079700,3389700
Carlton,2018,All,1252000,12156000
Carlton,2018,Houses,1410000,6487000
Carlton,2018,Units,650000,3919000
Carlton,2018,Others,1750000,1750000
Hughesdale,2016,All,1111250,29947500
Hughesdale,2016,Houses,1329500,23877000
Hughesdale,2016,Units,485500,4342500
Hughesdale,2016,Others,864000,1728000
Hughesdale,2017,All,998000,31049000
Hughesdale,2017,Houses,1200000,22410500
Hughesdale,2017,Units,720000,5383500
Hughesdale,2017,Others,998000,3255000
Hughesdale,2018,All,705000,2220000
Hughesdale,2018,Houses,815000,815000
Hughesdale,2018,Units,702500,1405000
Boronia,2017,All,783000,26268100
Boronia,2017,Houses,785000,24778100
Boronia,2017,Units,750000,750000
Boronia,2017,Others,740000,740000
Boronia,2018,All,740000,8125500
Boronia,2018,Houses,772500,6240500
Boronia,2018,Units,641000,1885000
MiddlePark,2016,All,1660000,29912000
MiddlePark,2016,Houses,1957500,27575000
MiddlePark,2016,Units,617500,2337000
MiddlePark,2017,All,1920000,65956000
MiddlePark,2017,Houses,2050000,63081000
MiddlePark,2017,Units,1005000,2875000
MiddlePark,2018,All,2650000,24668000
MiddlePark,2018,Houses,2900000,23518000
MiddlePark,2018,Units,1150000,1150000
EndeavourHills,2017,All,659000,11172500
EndeavourHills,2017,Houses,659000,11172500
EndeavourHills,2018,All,824000,5104000
EndeavourHills,2018,Houses,824000,5104000
Highett,2017,All,1190000,83212500
Highett,2017,Houses,1300000,52562000
Highett,2017,Units,679000,9622500
Highett,2017,Others,1020000,21028000
Highett,2018,All,1280000,22290000
Highett,2018,Houses,1415000,13553000
Highett,2018,Units,623000,2167000
Highett,2018,Others,895000,6570000
KeilorDowns,2017,All,681500,23014601
KeilorDowns,2017,Houses,681500,23014601
KeilorDowns,2018,All,660000,5900000
KeilorDowns,2018,Houses,665000,4725000
KeilorDowns,2018,Units,587500,1175000
Heathmont,2017,All,920000,32753500
Heathmont,2017,Houses,932000,30147500
Heathmont,2017,Units,525000,525000
Heathmont,2017,Others,701000,2081000
Heathmont,2018,All,1105500,6886000
Heathmont,2018,Houses,1105500,6886000
Kalkallo,2018,All,615000,615000
Kalkallo,2018,Houses,615000,615000
Maidstone,2016,All,695000,40662000
Maidstone,2016,Houses,746000,31984000
Maidstone,2016,Units,360000,1989000
Maidstone,2016,Others,615000,6689000
Maidstone,2017,All,715000,59611000
Maidstone,2017,Houses,818000,30182000
Maidstone,2017,Units,406000,4164000
Maidstone,2017,Others,690000,25265000
Maidstone,2018,All,670000,7166888
Maidstone,2018,Houses,825000,4039888
Maidstone,2018,Units,420000,1235000
Maidstone,2018,Others,622000,1892000
Mitcham,2017,All,971500,82030788
Mitcham,2017,Houses,1070000,63102888
Mitcham,2017,Units,775000,10006800
Mitcham,2017,Others,885000,8921100
Mitcham,2018,All,975500,17698500
Mitcham,2018,Houses,1020000,13696500
Mitcham,2018,Units,862500,1725000
Mitcham,2018,Others,730000,2277000
Fawkner,2016,All,615000,36002000
Fawkner,2016,Houses,625000,30728000
Fawkner,2016,Units,460000,2180500
Fawkner,2016,Others,519000,3093500
Fawkner,2017,All,710000,60384000
Fawkner,2017,Houses,735500,54057500
Fawkner,2017,Units,395500,2459000
Fawkner,2017,Others,543500,3867500
Fawkner,2018,All,725000,19161500
Fawkner,2018,Houses,745000,16487500
Fawkner,2018,Units,412000,412000
Fawkner,2018,Others,540000,2262000
Keysborough,2017,All,773000,20009500
Keysborough,2017,Houses,775000,19321500
Keysborough,2017,Others,688000,688000
Keysborough,2018,All,715000,2200000
Keysborough,2018,Houses,715000,2200000
WilliamstownNorth,2016,All,580000,9498500
WilliamstownNorth,2016,Houses,1150000,6631000
WilliamstownNorth,2016,Units,373750,2367500
WilliamstownNorth,2016,Others,500000,500000
WilliamstownNorth,2017,All,1070000,14008000
WilliamstownNorth,2017,Houses,1190000,11612000
WilliamstownNorth,2017,Units,503000,1006000
WilliamstownNorth,2017,Others,695000,1390000
WilliamstownNorth,2018,All,915000,1830000
WilliamstownNorth,2018,Houses,915000,1830000
PrincesHill,2016,All,1700000,4708000
PrincesHill,2016,Houses,1700000,4708000
PrincesHill,2017,All,1600000,18402500
PrincesHill,2017,Houses,1600000,18402500
PrincesHill,2018,All,1552500,3105000
PrincesHill,2018,Houses,1552500,3105000
Werribee,2017,All,497500,56011450
Werribee,2017,Houses,505500,53874950
Werribee,2017,Units,340000,2136500
Werribee,2018,All,500500,20909000
Werribee,2018,Houses,504000,19683500
Werribee,2018,Units,437500,1225500
Keilor,2017,All,775000,13832500
Keilor,2017,Houses,795000,11647500
Keilor,2017,Units,705000,1410000
Keilor,2017,Others,775000,775000
Keilor,2018,All,780000,2325000
Keilor,2018,Houses,780000,2325000
WattleGlen,2017,All,1140000,1140000
WattleGlen,2017,Houses,1140000,1140000
WattleGlen,2018,All,835000,835000
WattleGlen,2018,Houses,835000,835000
Flemington,2016,All,850000,26780000
Flemington,2016,Houses,934000,21198500
Flemington,2016,Units,370000,4378500
Flemington,2016,Others,601500,1203000
Flemington,2017,All,947500,50434500
Flemington,2017,Houses,1110000,39010500
Flemington,2017,Units,450000,7448500
Flemington,2017,Others,740000,3975500
Flemington,2018,All,618500,5290500
Flemington,2018,Houses,1015000,2985000
Flemington,2018,Units,398000,1520500
Flemington,2018,Others,785000,785000
CroydonNorth,2017,All,835000,16433800
CroydonNorth,2017,Houses,846000,15928800
CroydonNorth,2017,Units,505000,505000
CroydonNorth,2018,All,610000,1835500
CroydonNorth,2018,Houses,637750,1275500
CroydonNorth,2018,Units,560000,560000
Seaholme,2016,All,1000000,6260000
Seaholme,2016,Houses,950000,5200000
Seaholme,2016,Others,1060000,1060000
Seaholme,2017,All,870000,9062500
Seaholme,2017,Houses,1360000,6475000
Seaholme,2017,Units,521250,1042500
Seaholme,2017,Others,772500,1545000
Seaholme,2018,All,1105000,3365000
Seaholme,2018,Houses,1105000,3365000
DiamondCreek,2017,All,742500,13501000
DiamondCreek,2017,Houses,815000,11724000
DiamondCreek,2017,Units,564500,1129000
DiamondCreek,2017,Others,648000,648000
DiamondCreek,2018,All,735000,6258500
DiamondCreek,2018,Houses,735000,6258500
StAlbans,2017,All,610000,45619100
StAlbans,2017,Houses,628500,38588600
StAlbans,2017,Units,496000,4004000
StAlbans,2017,Others,457500,3026500
StAlbans,2018,All,635000,14080500
StAlbans,2018,Houses,670000,10139000
StAlbans,2018,Units,440000,2316500
StAlbans,2018,Others,520000,1625000
Hurstbridge,2017,All,695000,1390000
Hurstbridge,2017,Houses,695000,1390000
ElthamNorth,2017,All,900000,15286517
ElthamNorth,2017,Houses,900000,15286517
ElthamNorth,2018,All,862500,1725000
ElthamNorth,2018,Houses,862500,1725000
Eynesbury,2017,All,700000,700000
Eynesbury,2017,Houses,700000,700000
GladstonePark,2017,All,652000,26314500
GladstonePark,2017,Houses,652000,26314500
GladstonePark,2018,All,649500,6583500
GladstonePark,2018,Houses,649500,6583500
Mooroolbark,2017,All,740000,22002000
Mooroolbark,2017,Houses,760000,20672000
Mooroolbark,2017,Others,665000,1330000
Mooroolbark,2018,All,751000,7714000
Mooroolbark,2018,Houses,751000,7714000
Alphington,2016,All,1304000,31602000
Alphington,2016,Houses,1628750,25862500
Alphington,2016,Units,502750,2980500
Alphington,2016,Others,805000,2759000
Alphington,2017,All,1540000,41869000
Alphington,2017,Houses,1625000,37696000
Alphington,2017,Units,416000,1968000
Alphington,2017,Others,1102500,2205000
Alphington,2018,All,1647500,13176000
Alphington,2018,Houses,1647500,13176000
ForestHill,2017,All,1065000,44315500
ForestHill,2017,Houses,1078000,41209000
ForestHill,2017,Units,762000,2256000
ForestHill,2017,Others,850500,850500
ForestHill,2018,All,880000,6230000
ForestHill,2018,Houses,882500,5555000
ForestHill,2018,Units,675000,675000
Laverton,2017,All,590000,1803500
Laverton,2017,Houses,590000,1803500
Laverton,2018,All,450000,1430000
Laverton,2018,Houses,495000,990000
Laverton,2018,Units,440000,440000
LowerPlenty,2017,All,810000,11511000
LowerPlenty,2017,Houses,985000,8043500
LowerPlenty,2017,Units,520000,2110000
LowerPlenty,2017,Others,678750,1357500
LowerPlenty,2018,All,753750,6675500
LowerPlenty,2018,Houses,1150000,3177500
LowerPlenty,2018,Units,618000,1808000
LowerPlenty,2018,Others,845000,1690000
StHelena,2017,All,897000,6597000
StHelena,2017,Houses,897000,6597000
StHelena,2018,All,933000,2811000
StHelena,2018,Houses,933000,2811000
Chelsea,2017,All,850000,25167000
Chelsea,2017,Houses,923250,16659000
Chelsea,2017,Units,599000,4792000
Chelsea,2017,Others,903000,3716000
Chelsea,2018,All,620000,3110000
Chelsea,2018,Houses,1870000,1870000
Chelsea,2018,Units,620000,1240000
YarraGlen,2017,All,620000,620000
YarraGlen,2017,Houses,620000,620000
MountEvelyn,2017,All,620000,1790000
MountEvelyn,2017,Houses,620000,1790000
MountEvelyn,2018,All,573000,573000
MountEvelyn,2018,Houses,573000,573000
Whittlesea,2017,All,472500,1956000
Whittlesea,2017,Houses,472500,1956000
BrunswickWest,2016,All,793000,59292000
BrunswickWest,2016,Houses,1000000,41367500
BrunswickWest,2016,Units,395000,11566500
BrunswickWest,2016,Others,680000,6358000
BrunswickWest,2017,All,733500,86068600
BrunswickWest,2017,Houses,1170000,58661500
BrunswickWest,2017,Units,420000,15686600
BrunswickWest,2017,Others,670000,11720500
BrunswickWest,2018,All,830000,23076700
BrunswickWest,2018,Houses,1250000,14295700
BrunswickWest,2018,Units,479000,3528000
BrunswickWest,2018,Others,728000,5253000
Berwick,2017,All,747500,24508000
Berwick,2017,Houses,747500,24508000
Berwick,2018,All,780000,7040000
Berwick,2018,Houses,870000,6375000
Berwick,2018,Units,665000,665000
GisborneSouth,2017,All,1140000,2280000
GisborneSouth,2017,Houses,1140000,2280000
Kealba,2016,All,500000,9250500
Kealba,2016,Houses,507500,8785000
Kealba,2016,Others,465500,465500
Kealba,2017,All,600000,8079500
Kealba,2017,Houses,612500,7579500
Kealba,2017,Units,500000,500000
Kealba,2018,All,639250,2398500
Kealba,2018,Houses,668500,2078500
Kealba,2018,Units,320000,320000
Truganina,2017,All,504000,7175350
Truganina,2017,Houses,550000,5497000
Truganina,2017,Units,450000,1293350
Truganina,2017,Others,385000,385000
Truganina,2018,All,590500,3317000
Truganina,2018,Houses,607000,2962000
Truganina,2018,Others,355000,355000
Northcote,2016,All,1101000,153887000
Northcote,2016,Houses,1300000,133456000
Northcote,2016,Units,460000,11958000
Northcote,2016,Others,847500,8473000
Northcote,2017,All,1225000,215870250
Northcote,2017,Houses,1307500,188004000
Northcote,2017,Units,546250,19610750
Northcote,2017,Others,808750,8255500
Northcote,2018,All,1315000,57959500
Northcote,2018,Houses,1575000,51448000
Northcote,2018,Units,631500,4836500
Northcote,2018,Others,837500,1675000
Skye,2017,All,537849,2210698
Skye,2017,Houses,537849,2210698
Jacana,2016,All,460500,6265500
Jacana,2016,Houses,461000,5985500
Jacana,2016,Units,280000,280000
Jacana,2017,All,575500,14139500
Jacana,2017,Houses,597750,12834500
Jacana,2017,Others,435000,1305000
Jacana,2018,All,575000,4785000
Jacana,2018,Houses,600000,3925000
Jacana,2018,Units,430000,860000
Viewbank,2016,All,895000,26787500
Viewbank,2016,Houses,915000,24235500
Viewbank,2016,Units,546000,2552000
Viewbank,2017,All,1011000,38642250
Viewbank,2017,Houses,1035500,38026250
Viewbank,2017,Units,616000,616000
Viewbank,2018,All,1095000,8320500
Viewbank,2018,Houses,1140000,7580500
Viewbank,2018,Units,740000,740000
Healesville,2017,All,688000,1376000
Healesville,2017,Houses,688000,1376000
Heatherton,2017,All,830000,1660000
Heatherton,2017,Houses,830000,1660000
Heatherton,2018,All,790000,2188000
Heatherton,2018,Houses,833000,1666000
Heatherton,2018,Units,522000,522000
Braybrook,2016,All,645000,19956500
Braybrook,2016,Houses,656000,17552500
Braybrook,2016,Units,495000,495000
Braybrook,2016,Others,475000,1909000
Braybrook,2017,All,760000,30721200
Braybrook,2017,Houses,780000,24183000
Braybrook,2017,Units,480000,1441500
Braybrook,2017,Others,536000,5096700
Braybrook,2018,All,801500,5406500
Braybrook,2018,Houses,850000,4191500
Braybrook,2018,Others,607500,1215000
Oakleigh,2016,All,872500,27058500
Oakleigh,2016,Houses,1035000,20774000
Oakleigh,2016,Units,637000,4594500
Oakleigh,2016,Others,845000,1690000
Oakleigh,2017,All,1160000,49461500
Oakleigh,2017,Houses,1205000,46164000
Oakleigh,2017,Units,743000,2247500
Oakleigh,2017,Others,1050000,1050000
Oakleigh,2018,All,1320000,8698000
Oakleigh,2018,Houses,1455000,6806000
Oakleigh,2018,Units,867000,867000
Oakleigh,2018,Others,1025000,1025000
Tarneit,2017,All,526000,15204250
Tarneit,2017,Houses,528000,14452750
Tarneit,2017,Units,375750,751500
Tarneit,2018,All,521750,4222500
Tarneit,2018,Houses,568750,3397500
Tarneit,2018,Units,412500,825000
TaylorsLakes,2017,All,725000,32687500
TaylorsLakes,2017,Houses,730000,31252500
TaylorsLakes,2017,Units,500000,500000
TaylorsLakes,2017,Others,467500,935000
TaylorsLakes,2018,All,791000,10748000
TaylorsLakes,2018,Houses,791000,10748000
WyndhamVale,2017,All,503100,21569300
WyndhamVale,2017,Houses,505700,21198300
WyndhamVale,2017,Units,371000,371000
WyndhamVale,2018,All,510000,5563500
WyndhamVale,2018,Houses,510000,5563500
Footscray,2016,All,738000,60008000
Footscray,2016,Houses,840000,41813000
Footscray,2016,Units,375000,10500000
Footscray,2016,Others,699000,7695000
Footscray,2017,All,800000,83667000
Footscray,2017,Houses,910000,51457000
Footscray,2017,Units,373000,16679500
Footscray,2017,Others,800000,15530500
Footscray,2018,All,760000,15048500
Footscray,2018,Houses,931000,8768000
Footscray,2018,Units,429000,3420500
Footscray,2018,Others,710000,2860000
Kensington,2016,All,785000,64967090
Kensington,2016,Houses,1001000,43781000
Kensington,2016,Units,420000,11225590
Kensington,2016,Others,750000,9960500
Kensington,2017,All,847500,77629888
Kensington,2017,Houses,1130000,44944000
Kensington,2017,Units,490000,15436388
Kensington,2017,Others,841000,17249500
Kensington,2018,All,976000,10504500
Kensington,2018,Houses,1256250,7516500
Kensington,2018,Units,511000,2012000
Kensington,2018,Others,976000,976000
Attwood,2017,All,835000,8565000
Attwood,2017,Houses,835000,8565000
Attwood,2018,All,578000,1933000
Attwood,2018,Houses,578000,1933000
Plenty,2017,All,1141000,2282000
Plenty,2017,Houses,1141000,2282000
AirportWest,2016,All,715000,38374500
AirportWest,2016,Houses,769000,23915000
AirportWest,2016,Units,515000,7207500
AirportWest,2016,Others,546000,7252000
AirportWest,2017,All,780000,62595501
AirportWest,2017,Houses,847500,43723001
AirportWest,2017,Units,635000,10722500
AirportWest,2017,Others,730000,8150000
AirportWest,2018,All,805000,12486000
AirportWest,2018,Houses,855000,8400000
AirportWest,2018,Units,530000,1730000
AirportWest,2018,Others,891000,2356000
BayswaterNorth,2017,All,760000,11377200
BayswaterNorth,2017,Houses,762000,10177200
BayswaterNorth,2017,Units,600000,1200000
BayswaterNorth,2018,All,707200,1953200
BayswaterNorth,2018,Houses,720000,720000
BayswaterNorth,2018,Units,616600,1233200
ClaytonSouth,2017,All,845000,23673000
ClaytonSouth,2017,Houses,877500,17666000
ClaytonSouth,2017,Units,603500,3464000
ClaytonSouth,2017,Others,795000,2543000
ClaytonSouth,2018,All,820000,4375500
ClaytonSouth,2018,Houses,920000,3710000
ClaytonSouth,2018,Units,665500,665500
Prahran,2016,All,1090000,78723300
Prahran,2016,Houses,1304000,55304500
Prahran,2016,Units,590000,18168800
Prahran,2016,Others,1347500,5250000
Prahran,2017,All,1100000,141899700
Prahran,2017,Houses,1515000,101546500
Prahran,2017,Units,570000,32892700
Prahran,2017,Others,1463000,7460500
Prahran,2018,All,1060000,26556000
Prahran,2018,Houses,1500000,19928000
Prahran,2018,Units,680000,6628000
WestFootscray,2016,All,812500,42182500
WestFootscray,2016,Houses,850000,36002000
WestFootscray,2016,Units,463000,4420500
WestFootscray,2016,Others,620000,1760000
WestFootscray,2017,All,842500,72179000
WestFootscray,2017,Houses,880000,60102500
WestFootscray,2017,Units,360000,7193500
WestFootscray,2017,Others,700000,4883000
WestFootscray,2018,All,866000,16928000
WestFootscray,2018,Houses,942500,15478000
WestFootscray,2018,Units,260000,827000
WestFootscray,2018,Others,623000,623000
Rockbank,2017,All,480000,960000
Rockbank,2017,Houses,480000,960000
Rockbank,2018,All,767500,1535000
Rockbank,2018,Houses,767500,1535000
Carrum,2017,All,712500,12651000
Carrum,2017,Houses,850000,7573500
Carrum,2017,Units,622500,3697500
Carrum,2017,Others,690000,1380000
Carrum,2018,All,788000,5100000
Carrum,2018,Houses,788000,2376000
Carrum,2018,Units,676000,1854000
Carrum,2018,Others,870000,870000
FawknerLot,2018,All,616000,616000
FawknerLot,2018,Houses,616000,616000
Eaglemont,2016,All,1668500,27631000
Eaglemont,2016,Houses,1901000,23856000
Eaglemont,2016,Units,600000,3775000
Eaglemont,2017,All,1756000,33998000
Eaglemont,2017,Houses,1896000,31478000
Eaglemont,2017,Units,750000,2520000
Eaglemont,2018,All,1250000,3904000
Eaglemont,2018,Houses,1600000,3200000
Eaglemont,2018,Units,704000,704000
SurreyHills,2016,All,1650000,118356500
SurreyHills,2016,Houses,1864000,97717500
SurreyHills,2016,Units,715000,12659000
SurreyHills,2016,Others,1280000,7980000
SurreyHills,2017,All,1520000,176142500
SurreyHills,2017,Houses,1910000,147930000
SurreyHills,2017,Units,800000,20643500
SurreyHills,2017,Others,1080000,7569000
SurreyHills,2018,All,1425000,24144500
SurreyHills,2018,Houses,1937500,15686000
SurreyHills,2018,Units,906500,3578500
SurreyHills,2018,Others,1125000,4880000
Kilsyth,2017,All,733750,10444000
Kilsyth,2017,Houses,733750,10444000
Kilsyth,2018,All,650000,3525000
Kilsyth,2018,Houses,830000,2335000
Kilsyth,2018,Units,595000,1190000
Windsor,2016,All,623000,31733500
Windsor,2016,Houses,1370000,17083000
Windsor,2016,Units,567500,14650500
Windsor,2017,All,1045000,41273000
Windsor,2017,Houses,1400000,30048500
Windsor,2017,Units,572500,9699500
Windsor,2017,Others,1525000,1525000
Windsor,2018,All,1350000,12467500
Windsor,2018,Houses,1550000,9502500
Windsor,2018,Units,632500,1265000
Windsor,2018,Others,1700000,1700000
Lalor,2017,All,671000,48825500
Lalor,2017,Houses,685000,45295000
Lalor,2017,Units,383000,1947000
Lalor,2017,Others,463000,1583500
Lalor,2018,All,632500,8898500
Lalor,2018,Houses,650250,7791500
Lalor,2018,Units,500000,500000
Lalor,2018,Others,607000,607000
Wantirna,2017,All,963500,32180300
Wantirna,2017,Houses,975000,31390300
Wantirna,2017,Others,790000,790000
Wantirna,2018,All,939000,7449888
Wantirna,2018,Houses,939000,7449888
Sunshine,2016,All,663750,50546999
Sunshine,2016,Houses,695000,45552499
Sunshine,2016,Units,470000,3514500
Sunshine,2016,Others,500000,1480000
Sunshine,2017,All,760000,70410300
Sunshine,2017,Houses,777500,63211800
Sunshine,2017,Units,586000,3373500
Sunshine,2017,Others,612500,3825000
Sunshine,2018,All,827500,13766500
Sunshine,2018,Houses,853000,12576500
Sunshine,2018,Others,595000,1190000
ChelseaHeights,2017,All,720500,13346990
ChelseaHeights,2017,Houses,725000,11519490
ChelseaHeights,2017,Units,620000,1240000
ChelseaHeights,2017,Others,587500,587500
ChelseaHeights,2018,All,835000,835000
ChelseaHeights,2018,Houses,835000,835000
Lilydale,2017,All,840000,2445000
Lilydale,2017,Houses,840000,2445000
Lilydale,2018,All,660000,2060000
Lilydale,2018,Houses,660000,2060000
Plumpton,2017,All,587000,2778500
Plumpton,2017,Houses,587000,2778500
Plumpton,2018,All,660000,3131500
Plumpton,2018,Houses,660000,3131500
Toorak,2016,All,1170000,128356801
Toorak,2016,Houses,3045000,77615000
Toorak,2016,Units,705000,35471801
Toorak,2016,Others,1925000,15270000
Toorak,2017,All,922500,137711500
Toorak,2017,Houses,3260000,73624000
Toorak,2017,Units,750000,52912500
Toorak,2017,Others,1700000,11175000
Toorak,2018,All,1167500,18625000
Toorak,2018,Houses,4515000,11615000
Toorak,2018,Units,910000,4675000
Toorak,2018,Others,1167500,2335000
BrunswickEast,2016,All,899000,45278500
BrunswickEast,2016,Houses,1125000,29478500
BrunswickEast,2016,Units,470500,7923000
BrunswickEast,2016,Others,892000,7877000
BrunswickEast,2017,All,908500,82992000
BrunswickEast,2017,Houses,1185000,55645500
BrunswickEast,2017,Units,461500,16492500
BrunswickEast,2017,Others,790000,10854000
BrunswickEast,2018,All,965000,9881000
BrunswickEast,2018,Houses,986000,8236000
BrunswickEast,2018,Units,925000,925000
BrunswickEast,2018,Others,720000,720000
Donvale,2017,All,1145000,45195500
Donvale,2017,Houses,1165500,40163000
Donvale,2017,Units,746750,1493500
Donvale,2017,Others,869000,3539000
Donvale,2018,All,1262000,9606000
Donvale,2018,Houses,1660000,7670000
Donvale,2018,Others,968000,1936000
Cremorne,2016,All,1000000,18374500
Cremorne,2016,Houses,1015000,14761000
Cremorne,2016,Units,546000,2603500
Cremorne,2016,Others,1010000,1010000
Cremorne,2017,All,1200000,13495500
Cremorne,2017,Houses,1244500,11810500
Cremorne,2017,Units,570000,1685000
Cremorne,2018,All,1268500,7002000
Cremorne,2018,Houses,1272500,5200000
Cremorne,2018,Units,525000,525000
Cremorne,2018,Others,1277000,1277000
Huntingdale,2017,All,1080000,10408800
Huntingdale,2017,Houses,1093800,9553800
Huntingdale,2017,Units,427500,855000
Burnside,2017,All,620000,4342600
Burnside,2017,Houses,620000,4342600
Emerald,2017,All,782500,1565000
Emerald,2017,Houses,782500,1565000
Emerald,2018,All,462000,462000
Emerald,2018,Houses,462000,462000
NarreWarren,2017,All,635000,8776500
NarreWarren,2017,Houses,650000,8378500
NarreWarren,2017,Units,398000,398000
NarreWarren,2018,All,573500,1147000
NarreWarren,2018,Houses,652000,652000
NarreWarren,2018,Others,495000,495000
Ardeer,2017,All,617500,8837000
Ardeer,2017,Houses,620000,8232000
Ardeer,2017,Others,605000,605000
Ardeer,2018,All,624000,5586500
Ardeer,2018,Houses,624000,5586500
Armadale,2016,All,1101000,84200000
Armadale,2016,Houses,2200000,60524500
Armadale,2016,Units,577000,19783500
Armadale,2016,Others,1205000,3892000
Armadale,2017,All,1440000,141247500
Armadale,2017,Houses,1900000,105703000
Armadale,2017,Units,627000,24501500
Armadale,2017,Others,1320000,11043000
Armadale,2018,All,798000,14989500
Armadale,2018,Houses,1790000,8930000
Armadale,2018,Units,595750,4944500
Armadale,2018,Others,1115000,1115000
Brighton,2016,All,1627500,236474188
Brighton,2016,Houses,2100000,180850888
Brighton,2016,Units,834000,34211300
Brighton,2016,Others,1475000,21412000
Brighton,2017,All,1850000,332759750
Brighton,2017,Houses,2410000,223271000
Brighton,2017,Units,930000,45432750
Brighton,2017,Others,1763500,64056000
Brighton,2018,All,1900000,59766000
Brighton,2018,Houses,2300000,44911000
Brighton,2018,Units,970000,5705000
Brighton,2018,Others,1900000,9150000
BurwoodEast,2017,All,1053000,33628800
BurwoodEast,2017,Houses,1088000,30566800
BurwoodEast,2017,Units,746000,2282000
BurwoodEast,2017,Others,780000,780000
BurwoodEast,2018,All,1177000,10109000
BurwoodEast,2018,Houses,1177000,9284000
BurwoodEast,2018,Units,825000,825000
AltonaMeadows,2017,All,610000,11305000
AltonaMeadows,2017,Houses,650000,9506000
AltonaMeadows,2017,Units,415000,1257500
AltonaMeadows,2017,Others,541500,541500
AltonaMeadows,2018,All,739500,5687500
AltonaMeadows,2018,Houses,739500,5687500
croydon,2017,All,730000,730000
croydon,2017,Houses,730000,730000
Kingsbury,2016,All,610000,5867000
Kingsbury,2016,Houses,622500,5387000
Kingsbury,2016,Units,480000,480000
Kingsbury,2017,All,735500,12926001
Kingsbury,2017,Houses,809000,9506001
Kingsbury,2017,Units,434000,2908000
Kingsbury,2017,Others,512000,512000
Kingsbury,2018,All,702500,6147500
Kingsbury,2018,Houses,725000,3755000
Kingsbury,2018,Units,584500,2392500
Warrandyte,2017,All,1106000,12048000
Warrandyte,2017,Houses,1106000,12048000
Warrandyte,2018,All,2240500,4481000
Warrandyte,2018,Houses,2240500,4481000
Seaford,2017,All,770000,22952500
Seaford,2017,Houses,782500,20687500
Seaford,2017,Units,556000,1112000
Seaford,2017,Others,576500,1153000
Seaford,2018,All,635000,6145000
Seaford,2018,Houses,697500,5725000
Seaford,2018,Units,420000,420000
Cheltenham,2017,All,1050000,112905000
Cheltenham,2017,Houses,1147500,85387000
Cheltenham,2017,Units,685000,12893000
Cheltenham,2017,Others,898000,14625000
Cheltenham,2018,All,952500,35932000
Cheltenham,2018,Houses,1185000,21901500
Cheltenham,2018,Units,523000,2066500
Cheltenham,2018,Others,880000,11964000
PortMelbourne,2016,All,1100000,131707500
PortMelbourne,2016,Houses,1350500,84057000
PortMelbourne,2016,Units,727500,44356500
PortMelbourne,2016,Others,950000,3294000
PortMelbourne,2017,All,1260000,170604500
PortMelbourne,2017,Houses,1592500,117004500
PortMelbourne,2017,Units,725000,45956000
PortMelbourne,2017,Others,1921500,7644000
PortMelbourne,2018,All,1275000,38977888
PortMelbourne,2018,Houses,1735000,18851000
PortMelbourne,2018,Units,841000,17501888
PortMelbourne,2018,Others,1312500,2625000
Mentone,2017,All,883000,67804750
Mentone,2017,Houses,1157500,37550000
Mentone,2017,Units,600000,11360750
Mentone,2017,Others,860000,18894000
Mentone,2018,All,952000,23131000
Mentone,2018,Houses,1137500,13657000
Mentone,2018,Units,647500,2723000
Mentone,2018,Others,990500,6751000
Parkdale,2017,All,1057500,69186750
Parkdale,2017,Houses,1270000,48396500
Parkdale,2017,Units,681000,7513000
Parkdale,2017,Others,915000,13277250
Parkdale,2018,All,1037500,15653000
Parkdale,2018,Houses,1200000,10296000
Parkdale,2018,Units,606250,3583500
Parkdale,2018,Others,886750,1773500
Coolaroo,2017,All,456000,3715000
Coolaroo,2017,Houses,456000,3715000
Coolaroo,2018,All,522500,1045000
Coolaroo,2018,Houses,522500,1045000
TemplestoweLower,2016,All,1070000,79958000
TemplestoweLower,2016,Houses,1100000,75697500
TemplestoweLower,2016,Units,725000,2846000
TemplestoweLower,2016,Others,707250,1414500
TemplestoweLower,2017,All,1230000,108605500
TemplestoweLower,2017,Houses,1300500,93198500
TemplestoweLower,2017,Units,755000,2193000
TemplestoweLower,2017,Others,955000,13214000
TemplestoweLower,2018,All,1250000,20528500
TemplestoweLower,2018,Houses,1262500,17580000
TemplestoweLower,2018,Units,903500,2948500
Docklands,2016,All,800000,4375000
Docklands,2016,Units,712500,3005000
Docklands,2016,Others,1370000,1370000
Docklands,2017,All,612500,1225000
Docklands,2017,Units,612500,1225000
Fairfield,2016,All,1059500,33337900
Fairfield,2016,Houses,1220000,26904000
Fairfield,2016,Units,545000,4782900
Fairfield,2016,Others,825500,1651000
Fairfield,2017,All,1225000,37542500
Fairfield,2017,Houses,1500000,28815000
Fairfield,2017,Units,620000,7817500
Fairfield,2017,Others,910000,910000
Fairfield,2018,All,1275000,6650000
Fairfield,2018,Houses,1330000,5445000
Fairfield,2018,Units,360000,1205000
GlenWaverley,2017,All,1250000,151029790
GlenWaverley,2017,Houses,1324400,117534790
GlenWaverley,2017,Units,901000,23294000
GlenWaverley,2017,Others,1147500,10201000
GlenWaverley,2018,All,1280000,35717500
GlenWaverley,2018,Houses,1305000,29347500
GlenWaverley,2018,Units,872500,3935000
GlenWaverley,2018,Others,2435000,2435000
CranbourneNorth,2017,All,585000,1170000
CranbourneNorth,2017,Houses,585000,1170000
CranbourneNorth,2018,All,645000,645000
CranbourneNorth,2018,Houses,645000,645000
Brookfield,2017,All,497000,1994000
Brookfield,2017,Houses,497000,1994000
MountWaverley,2017,All,1400000,195328600
MountWaverley,2017,Houses,1450000,166342300
MountWaverley,2017,Units,806500,14058500
MountWaverley,2017,Others,1115000,14927800
MountWaverley,2018,All,1270000,36705300
MountWaverley,2018,Houses,1378000,29841000
MountWaverley,2018,Units,796250,3402500
MountWaverley,2018,Others,1200800,3461800
WandinNorth,2018,All,1150000,1150000
WandinNorth,2018,Houses,1150000,1150000
EssendonWest,2016,All,925000,20535500
EssendonWest,2016,Houses,1112500,15104500
EssendonWest,2016,Units,520000,520000
EssendonWest,2016,Others,765000,4911000
EssendonWest,2017,All,1333750,16030500
EssendonWest,2017,Houses,1333750,16030500
EssendonWest,2018,All,1082500,2165000
EssendonWest,2018,Houses,1365000,1365000
EssendonWest,2018,Others,800000,800000
Officer,2017,All,563000,1712000
Officer,2017,Houses,563000,1712000
Officer,2018,All,667000,667000
Officer,2018,Houses,667000,667000
SpringvaleSouth,2017,All,765250,5873500
SpringvaleSouth,2017,Houses,795250,4723500
SpringvaleSouth,2017,Units,575000,1150000
